run_name,timestamp,checkpoint,selection_independent,selection_rule,seed,epochs,swa_start,t_scale,student_head,ckpt_epoch,acc,ece,nll,brier,macro_f1,n_val,run_dir
RAFDB_7cls_lightle_vich_from_vae9182_224,2026-06-17-13-17-49,best,False,argmax val_acc over epochs (PEEKS at eval set),42,200,,1.0,vich,125,88.42894744873047,0.028992524980099913,0.34248512983322144,0.16843779385089874,83.0932555678091,3068,results/unified_students/RAFDB_7cls_lightle_vich_from_vae9182_224/2026-06-17-13-17-49
RAFDB_7cls_lightle_vich_from_vae9182_224,2026-06-17-13-17-49,last,True,"final epoch, fixed rule",42,200,,1.0,vich,200,89.24380493164062,0.019889913271078075,0.32893040776252747,0.16006210446357727,83.30987598247619,3068,results/unified_students/RAFDB_7cls_lightle_vich_from_vae9182_224/2026-06-17-13-17-49
RAFDB_7cls_lightle_vich_from_vae9182_256,2026-06-17-23-22-50,best,False,argmax val_acc over epochs (PEEKS at eval set),42,200,,1.0,vich,137,86.70143127441406,0.024986472607358336,0.4004671275615692,0.19572366774082184,79.95174386956319,3068,results/unified_students/RAFDB_7cls_lightle_vich_from_vae9182_256/2026-06-17-23-22-50
RAFDB_7cls_lightle_vich_from_vae9182_256,2026-06-17-23-22-50,last,True,"final epoch, fixed rule",42,200,,1.0,vich,200,86.53846740722656,0.028031426232983266,0.40699824690818787,0.2000073790550232,80.30976609645221,3068,results/unified_students/RAFDB_7cls_lightle_vich_from_vae9182_256/2026-06-17-23-22-50
RAFDB_bridge_baseline_b070_T6_224_400e_swa200_seed42,2026-07-21-22-56-23,best,False,argmax val_acc over epochs (PEEKS at eval set),42,400,200,1.0,vich,351,89.1134262084961,0.06044886910114947,0.4348590075969696,0.18327189981937408,82.79255620591034,3068,results/unified_students/RAFDB_bridge_baseline_b070_T6_224_400e_swa200_seed42/2026-07-21-22-56-23
RAFDB_bridge_baseline_b070_T6_224_400e_swa200_seed42,2026-07-21-22-56-23,last,True,"final epoch, fixed rule",42,400,200,1.0,vich,400,88.46153259277344,0.07075503536510966,0.4567999541759491,0.19428059458732605,82.21815838161683,3068,results/unified_students/RAFDB_bridge_baseline_b070_T6_224_400e_swa200_seed42/2026-07-21-22-56-23
RAFDB_bridge_baseline_b070_T6_224_400e_swa200_seed42,2026-07-21-22-56-23,swa,True,"SWA average over [swa_start, epochs], fixed rule",42,400,200,1.0,vich,,89.47196960449219,0.07324250696671367,0.46464085578918457,0.18314354121685028,83.51859354073451,3068,results/unified_students/RAFDB_bridge_baseline_b070_T6_224_400e_swa200_seed42/2026-07-21-22-56-23
RAFDB_ce9241_betaKD_b070_T6_224_amp_classw,2026-06-19-05-14-00,best,False,argmax val_acc over epochs (PEEKS at eval set),42,200,90,1.0,vich,196,89.40678405761719,0.06743238993095917,0.411172479391098,0.17742396891117096,83.85701192289055,3068,results/unified_students/RAFDB_ce9241_betaKD_b070_T6_224_amp_classw/2026-06-19-05-14-00
RAFDB_ce9241_betaKD_b070_T6_224_amp_classw,2026-06-19-05-14-00,last,True,"final epoch, fixed rule",42,200,90,1.0,vich,200,89.1134262084961,0.06569164401743527,0.421786904335022,0.1806999146938324,83.72190920686835,3068,results/unified_students/RAFDB_ce9241_betaKD_b070_T6_224_amp_classw/2026-06-19-05-14-00
RAFDB_ce9241_betaKD_b070_T6_224_amp_classw,2026-06-19-05-14-00,swa,True,"SWA average over [swa_start, epochs], fixed rule",42,200,90,1.0,vich,,89.70013427734375,0.07117344529369198,0.4287019968032837,0.17625433206558228,84.39219229403137,3068,results/unified_students/RAFDB_ce9241_betaKD_b070_T6_224_amp_classw/2026-06-19-05-14-00
RAFDB_ce9241_betaKD_b070_T6_224_best_400e_swa200,2026-06-20-00-22-09,best,False,argmax val_acc over epochs (PEEKS at eval set),42,400,200,1.0,vich,281,89.47196960449219,0.07346411446665536,0.4395325481891632,0.18243847787380219,83.2736179057522,3068,results/unified_students/RAFDB_ce9241_betaKD_b070_T6_224_best_400e_swa200/2026-06-20-00-22-09
RAFDB_ce9241_betaKD_b070_T6_224_best_400e_swa200,2026-06-20-00-22-09,last,True,"final epoch, fixed rule",42,400,200,1.0,vich,400,88.6571044921875,0.07263888344848637,0.42290040850639343,0.18707986176013947,82.23919586639282,3068,results/unified_students/RAFDB_ce9241_betaKD_b070_T6_224_best_400e_swa200/2026-06-20-00-22-09
RAFDB_ce9241_betaKD_b070_T6_224_best_400e_swa200,2026-06-20-00-22-09,swa,True,"SWA average over [swa_start, epochs], fixed rule",42,400,200,1.0,vich,,89.30899810791016,0.07705946134541772,0.4403454065322876,0.17989316582679749,83.45018847353533,3068,results/unified_students/RAFDB_ce9241_betaKD_b070_T6_224_best_400e_swa200/2026-06-20-00-22-09
RAFDB_ce9241_betaKD_b070_T6_224_feat003_amp_classw,2026-06-19-20-47-48,best,False,argmax val_acc over epochs (PEEKS at eval set),42,200,90,1.0,vich,155,89.47196960449219,0.0618515356724312,0.399516224861145,0.17666982114315033,83.31880246576384,3068,results/unified_students/RAFDB_ce9241_betaKD_b070_T6_224_feat003_amp_classw/2026-06-19-20-47-48
RAFDB_ce9241_betaKD_b070_T6_224_feat003_amp_classw,2026-06-19-20-47-48,last,True,"final epoch, fixed rule",42,200,90,1.0,vich,200,89.1134262084961,0.0673238725694093,0.4201143980026245,0.18065568804740906,83.42196963717348,3068,results/unified_students/RAFDB_ce9241_betaKD_b070_T6_224_feat003_amp_classw/2026-06-19-20-47-48
RAFDB_ce9241_betaKD_b070_T6_224_feat003_amp_classw,2026-06-19-20-47-48,swa,True,"SWA average over [swa_start, epochs], fixed rule",42,200,90,1.0,vich,,89.63494110107422,0.07311204839327812,0.4356749653816223,0.17743003368377686,83.97665312942549,3068,results/unified_students/RAFDB_ce9241_betaKD_b070_T6_224_feat003_amp_classw/2026-06-19-20-47-48
RAFDB_ce9241_betaKD_b070_T6_256_amp_classw,2026-06-18-12-41-20,best,False,argmax val_acc over epochs (PEEKS at eval set),42,200,90,1.0,vich,148,87.64667510986328,0.07142955052874,0.46503567695617676,0.20412054657936096,81.40563365022722,3068,results/unified_students/RAFDB_ce9241_betaKD_b070_T6_256_amp_classw/2026-06-18-12-41-20
RAFDB_ce9241_betaKD_b070_T6_256_amp_classw,2026-06-18-12-41-20,last,True,"final epoch, fixed rule",42,200,90,1.0,vich,200,87.64667510986328,0.06619936497845583,0.44634321331977844,0.20048218965530396,81.59697154114473,3068,results/unified_students/RAFDB_ce9241_betaKD_b070_T6_256_amp_classw/2026-06-18-12-41-20
RAFDB_ce9241_betaKD_b070_T6_256_amp_classw,2026-06-18-12-41-20,swa,True,"SWA average over [swa_start, epochs], fixed rule",42,200,90,1.0,vich,,87.84224700927734,0.07590457703796794,0.47489801049232483,0.201005220413208,82.13350078793067,3068,results/unified_students/RAFDB_ce9241_betaKD_b070_T6_256_amp_classw/2026-06-18-12-41-20
RAFDB_ce9241_betaKD_b075_T6_224_t256_reg005_amp_classw,2026-06-19-14-26-31,best,False,argmax val_acc over epochs (PEEKS at eval set),42,200,90,1.0,vich,166,89.47196960449219,0.07565519400669513,0.44075870513916016,0.18191470205783844,82.72965097861291,3068,results/unified_students/RAFDB_ce9241_betaKD_b075_T6_224_t256_reg005_amp_classw/2026-06-19-14-26-31
RAFDB_ce9241_betaKD_b075_T6_224_t256_reg005_amp_classw,2026-06-19-14-26-31,last,True,"final epoch, fixed rule",42,200,90,1.0,vich,200,88.62451171875,0.0799144683345045,0.46261319518089294,0.1912144273519516,82.61578579345102,3068,results/unified_students/RAFDB_ce9241_betaKD_b075_T6_224_t256_reg005_amp_classw/2026-06-19-14-26-31
RAFDB_ce9241_betaKD_b075_T6_224_t256_reg005_amp_classw,2026-06-19-14-26-31,swa,True,"SWA average over [swa_start, epochs], fixed rule",42,200,90,1.0,vich,,89.47196960449219,0.07694275703917428,0.4502423405647278,0.1827739179134369,82.5591231945897,3068,results/unified_students/RAFDB_ce9241_betaKD_b075_T6_224_t256_reg005_amp_classw/2026-06-19-14-26-31
RAFDB_primary_adaptive_t_b070_T6_224_400e_swa200,2026-07-18-08-02-57,best,False,argmax val_acc over epochs (PEEKS at eval set),42,400,200,1.0,vich,391,89.0808334350586,0.0665890617050823,0.43588849902153015,0.1851709932088852,83.22477374348092,3068,results/unified_students/RAFDB_primary_adaptive_t_b070_T6_224_400e_swa200/2026-07-18-08-02-57
RAFDB_primary_adaptive_t_b070_T6_224_400e_swa200,2026-07-18-08-02-57,last,True,"final epoch, fixed rule",42,400,200,1.0,vich,400,88.52672576904297,0.06356425409483318,0.4199521243572235,0.18639467656612396,82.39529376032449,3068,results/unified_students/RAFDB_primary_adaptive_t_b070_T6_224_400e_swa200/2026-07-18-08-02-57
RAFDB_primary_adaptive_t_b070_T6_224_400e_swa200,2026-07-18-08-02-57,swa,True,"SWA average over [swa_start, epochs], fixed rule",42,400,200,1.0,vich,,89.0808334350586,0.07355574199339712,0.4440321624279022,0.18519558012485504,83.25167664601794,3068,results/unified_students/RAFDB_primary_adaptive_t_b070_T6_224_400e_swa200/2026-07-18-08-02-57
RAFDB_primary_adaptive_t_b070_T6_224_400e_swa200_seed1,2026-07-25-19-11-14,best,False,argmax val_acc over epochs (PEEKS at eval set),1,400,200,1.0,vich,236,89.0156478881836,0.07006277195439034,0.4451814293861389,0.18986362218856812,83.10308775521526,3068,results/unified_students/RAFDB_primary_adaptive_t_b070_T6_224_400e_swa200_seed1/2026-07-25-19-11-14
RAFDB_primary_adaptive_t_b070_T6_224_400e_swa200_seed1,2026-07-25-19-11-14,last,True,"final epoch, fixed rule",1,400,200,1.0,vich,400,88.42894744873047,0.07047008684650549,0.44059422612190247,0.19131898880004883,82.25994148398729,3068,results/unified_students/RAFDB_primary_adaptive_t_b070_T6_224_400e_swa200_seed1/2026-07-25-19-11-14
RAFDB_primary_adaptive_t_b070_T6_224_400e_swa200_seed1,2026-07-25-19-11-14,swa,True,"SWA average over [swa_start, epochs], fixed rule",1,400,200,1.0,vich,,89.0482406616211,0.07466354088996194,0.44919759035110474,0.18679960072040558,82.40674061635546,3068,results/unified_students/RAFDB_primary_adaptive_t_b070_T6_224_400e_swa200_seed1/2026-07-25-19-11-14
RAFDB_primary_adaptive_t_b070_T6_224_400e_swa200_seed43,2026-07-25-19-11-14,best,False,argmax val_acc over epochs (PEEKS at eval set),43,400,200,1.0,vich,373,89.30899810791016,0.05924604316345249,0.4113243818283081,0.17862658202648163,83.64249452448595,3068,results/unified_students/RAFDB_primary_adaptive_t_b070_T6_224_400e_swa200_seed43/2026-07-25-19-11-14
RAFDB_primary_adaptive_t_b070_T6_224_400e_swa200_seed43,2026-07-25-19-11-14,last,True,"final epoch, fixed rule",43,400,200,1.0,vich,400,88.78748321533203,0.06332442787083684,0.4254220724105835,0.18564669787883759,83.25344464173868,3068,results/unified_students/RAFDB_primary_adaptive_t_b070_T6_224_400e_swa200_seed43/2026-07-25-19-11-14
RAFDB_primary_adaptive_t_b070_T6_224_400e_swa200_seed43,2026-07-25-19-11-14,swa,True,"SWA average over [swa_start, epochs], fixed rule",43,400,200,1.0,vich,,89.50456237792969,0.07083011568175457,0.43125611543655396,0.18072165548801422,83.96064521749959,3068,results/unified_students/RAFDB_primary_adaptive_t_b070_T6_224_400e_swa200_seed43/2026-07-25-19-11-14
RAFDB_primary_baseline_b070_T6_224_400e_swa200_seed1,2026-07-21-06-53-05,best,False,argmax val_acc over epochs (PEEKS at eval set),1,400,200,1.0,vich,316,89.47196960449219,0.06620463811473087,0.4354286193847656,0.18107403814792633,83.44427033034103,3068,results/unified_students/RAFDB_primary_baseline_b070_T6_224_400e_swa200_seed1/2026-07-21-06-53-05
RAFDB_primary_baseline_b070_T6_224_400e_swa200_seed1,2026-07-21-06-53-05,last,True,"final epoch, fixed rule",1,400,200,1.0,vich,400,88.5919189453125,0.0716087593074106,0.44627645611763,0.19222494959831238,82.79068500582764,3068,results/unified_students/RAFDB_primary_baseline_b070_T6_224_400e_swa200_seed1/2026-07-21-06-53-05
RAFDB_primary_baseline_b070_T6_224_400e_swa200_seed1,2026-07-21-06-53-05,swa,True,"SWA average over [swa_start, epochs], fixed rule",1,400,200,1.0,vich,,89.60234832763672,0.07229224183491031,0.44588708877563477,0.18200385570526123,83.58497816806967,3068,results/unified_students/RAFDB_primary_baseline_b070_T6_224_400e_swa200_seed1/2026-07-21-06-53-05
RAFDB_primary_baseline_b070_T6_224_400e_swa200_seed43,2026-07-20-22-41-20,best,False,argmax val_acc over epochs (PEEKS at eval set),43,400,200,1.0,vich,278,89.63494110107422,0.05086864784573639,0.39698490500450134,0.17422954738140106,83.00029604323136,3068,results/unified_students/RAFDB_primary_baseline_b070_T6_224_400e_swa200_seed43/2026-07-20-22-41-20
RAFDB_primary_baseline_b070_T6_224_400e_swa200_seed43,2026-07-20-22-41-20,last,True,"final epoch, fixed rule",43,400,200,1.0,vich,400,88.2007827758789,0.07216456367341605,0.43939852714538574,0.19471599161624908,82.28264759536866,3068,results/unified_students/RAFDB_primary_baseline_b070_T6_224_400e_swa200_seed43/2026-07-20-22-41-20
RAFDB_primary_baseline_b070_T6_224_400e_swa200_seed43,2026-07-20-22-41-20,swa,True,"SWA average over [swa_start, epochs], fixed rule",43,400,200,1.0,vich,,89.47196960449219,0.0692700761451715,0.4336870610713959,0.18091142177581787,83.26534433412057,3068,results/unified_students/RAFDB_primary_baseline_b070_T6_224_400e_swa200_seed43/2026-07-20-22-41-20
RAFDB_primary_baseline_noclassweight_b070_T6_224_400e_swa200_seed1,2026-07-30-21-26-04,best,False,argmax val_acc over epochs (PEEKS at eval set),1,400,200,1.0,vich,137,88.85267639160156,0.07414515336885602,0.4587313234806061,0.1923508495092392,83.21282244345218,3068,results/unified_students/RAFDB_primary_baseline_noclassweight_b070_T6_224_400e_swa200_seed1/2026-07-30-21-26-04
RAFDB_primary_baseline_noclassweight_b070_T6_224_400e_swa200_seed1,2026-07-30-21-26-04,last,True,"final epoch, fixed rule",1,400,200,1.0,vich,400,88.26597595214844,0.07499861386950665,0.45052170753479004,0.1962379813194275,81.75437875500833,3068,results/unified_students/RAFDB_primary_baseline_noclassweight_b070_T6_224_400e_swa200_seed1/2026-07-30-21-26-04
RAFDB_primary_baseline_noclassweight_b070_T6_224_400e_swa200_seed1,2026-07-30-21-26-04,swa,True,"SWA average over [swa_start, epochs], fixed rule",1,400,200,1.0,vich,,88.82007598876953,0.07934253231040658,0.46485090255737305,0.1923629343509674,82.92420430005733,3068,results/unified_students/RAFDB_primary_baseline_noclassweight_b070_T6_224_400e_swa200_seed1/2026-07-30-21-26-04
RAFDB_primary_baseline_noclassweight_b070_T6_224_400e_swa200_seed42,2026-07-30-16-50-39,best,False,argmax val_acc over epochs (PEEKS at eval set),42,400,200,1.0,vich,370,89.14602661132812,0.07286435530813608,0.4336899518966675,0.18368175625801086,83.42785160800807,3068,results/unified_students/RAFDB_primary_baseline_noclassweight_b070_T6_224_400e_swa200_seed42/2026-07-30-16-50-39
RAFDB_primary_baseline_noclassweight_b070_T6_224_400e_swa200_seed42,2026-07-30-16-50-39,last,True,"final epoch, fixed rule",42,400,200,1.0,vich,400,88.68970489501953,0.06835662955333233,0.42577022314071655,0.18730320036411285,82.38383370596894,3068,results/unified_students/RAFDB_primary_baseline_noclassweight_b070_T6_224_400e_swa200_seed42/2026-07-30-16-50-39
RAFDB_primary_baseline_noclassweight_b070_T6_224_400e_swa200_seed42,2026-07-30-16-50-39,swa,True,"SWA average over [swa_start, epochs], fixed rule",42,400,200,1.0,vich,,89.40678405761719,0.07385305314770423,0.436730295419693,0.18108518421649933,83.1311918082104,3068,results/unified_students/RAFDB_primary_baseline_noclassweight_b070_T6_224_400e_swa200_seed42/2026-07-30-16-50-39
RAFDB_primary_baseline_noclassweight_b070_T6_224_400e_swa200_seed43,2026-07-31-02-06-02,best,False,argmax val_acc over epochs (PEEKS at eval set),43,400,200,1.0,vich,312,89.21121215820312,0.06520550802466611,0.4272901713848114,0.1832001656293869,83.23586710947079,3068,results/unified_students/RAFDB_primary_baseline_noclassweight_b070_T6_224_400e_swa200_seed43/2026-07-31-02-06-02
RAFDB_primary_baseline_noclassweight_b070_T6_224_400e_swa200_seed43,2026-07-31-02-06-02,last,True,"final epoch, fixed rule",43,400,200,1.0,vich,400,88.10299682617188,0.07759804867761697,0.4606398940086365,0.1987878829240799,80.59724613563296,3068,results/unified_students/RAFDB_primary_baseline_noclassweight_b070_T6_224_400e_swa200_seed43/2026-07-31-02-06-02
RAFDB_primary_baseline_noclassweight_b070_T6_224_400e_swa200_seed43,2026-07-31-02-06-02,swa,True,"SWA average over [swa_start, epochs], fixed rule",43,400,200,1.0,vich,,89.56975555419922,0.07332160471024227,0.44811493158340454,0.18126893043518066,83.465779048541,3068,results/unified_students/RAFDB_primary_baseline_noclassweight_b070_T6_224_400e_swa200_seed43/2026-07-31-02-06-02
RAFDB_primary_ctkd_b070_T6_224_400e_swa200,2026-07-18-12-08-02,best,False,argmax val_acc over epochs (PEEKS at eval set),42,400,200,1.0,vich,369,89.53715515136719,0.06966452247607662,0.44923630356788635,0.18324913084506989,83.26431421807482,3068,results/unified_students/RAFDB_primary_ctkd_b070_T6_224_400e_swa200/2026-07-18-12-08-02
RAFDB_primary_ctkd_b070_T6_224_400e_swa200,2026-07-18-12-08-02,last,True,"final epoch, fixed rule",42,400,200,1.0,vich,400,88.5919189453125,0.07912188025271566,0.4659453332424164,0.19503603875637054,82.22005875758376,3068,results/unified_students/RAFDB_primary_ctkd_b070_T6_224_400e_swa200/2026-07-18-12-08-02
RAFDB_primary_ctkd_b070_T6_224_400e_swa200,2026-07-18-12-08-02,swa,True,"SWA average over [swa_start, epochs], fixed rule",42,400,200,1.0,vich,,89.24380493164062,0.07434213099785081,0.44331836700439453,0.18367800116539001,84.07753896135945,3068,results/unified_students/RAFDB_primary_ctkd_b070_T6_224_400e_swa200/2026-07-18-12-08-02
RAFDB_primary_g2g_kl_b070_T6_224_400e_swa200,2026-07-19-02-59-54,best,False,argmax val_acc over epochs (PEEKS at eval set),42,400,200,1.0,vich,293,89.21121215820312,0.057824740946448294,0.4141290783882141,0.18131424486637115,83.3152749759938,3068,results/unified_students/RAFDB_primary_g2g_kl_b070_T6_224_400e_swa200/2026-07-19-02-59-54
RAFDB_primary_g2g_kl_b070_T6_224_400e_swa200,2026-07-19-02-59-54,last,True,"final epoch, fixed rule",42,400,200,1.0,vich,400,88.82007598876953,0.05297014530082725,0.4087633490562439,0.18264716863632202,83.10253052505391,3068,results/unified_students/RAFDB_primary_g2g_kl_b070_T6_224_400e_swa200/2026-07-19-02-59-54
RAFDB_primary_g2g_kl_b070_T6_224_400e_swa200,2026-07-19-02-59-54,swa,True,"SWA average over [swa_start, epochs], fixed rule",42,400,200,1.0,vich,,89.17861938476562,0.07112217696463735,0.4308646023273468,0.1826762855052948,83.32275004284615,3068,results/unified_students/RAFDB_primary_g2g_kl_b070_T6_224_400e_swa200/2026-07-19-02-59-54
RAFDB_primary_g2g_kl_b070_T6_224_400e_swa200_seed1,2026-07-21-02-46-00,best,False,argmax val_acc over epochs (PEEKS at eval set),1,400,200,1.0,vich,265,89.43937683105469,0.057839901207167914,0.40983787178993225,0.17699392139911652,83.36275719329915,3068,results/unified_students/RAFDB_primary_g2g_kl_b070_T6_224_400e_swa200_seed1/2026-07-21-02-46-00
RAFDB_primary_g2g_kl_b070_T6_224_400e_swa200_seed1,2026-07-21-02-46-00,last,True,"final epoch, fixed rule",1,400,200,1.0,vich,400,89.0482406616211,0.062168354433238746,0.4137876033782959,0.18184107542037964,82.5812221573617,3068,results/unified_students/RAFDB_primary_g2g_kl_b070_T6_224_400e_swa200_seed1/2026-07-21-02-46-00
RAFDB_primary_g2g_kl_b070_T6_224_400e_swa200_seed1,2026-07-21-02-46-00,swa,True,"SWA average over [swa_start, epochs], fixed rule",1,400,200,1.0,vich,,89.60234832763672,0.06761469603595087,0.4248858094215393,0.17769046127796173,83.36027126438316,3068,results/unified_students/RAFDB_primary_g2g_kl_b070_T6_224_400e_swa200_seed1/2026-07-21-02-46-00
RAFDB_primary_g2g_kl_b070_T6_224_400e_swa200_seed43,2026-07-21-06-52-12,best,False,argmax val_acc over epochs (PEEKS at eval set),43,400,200,1.0,vich,339,89.27640533447266,0.053424922552693155,0.40038615465164185,0.17699113488197327,83.81638198339195,3068,results/unified_students/RAFDB_primary_g2g_kl_b070_T6_224_400e_swa200_seed43/2026-07-21-06-52-12
RAFDB_primary_g2g_kl_b070_T6_224_400e_swa200_seed43,2026-07-21-06-52-12,last,True,"final epoch, fixed rule",43,400,200,1.0,vich,400,88.7548828125,0.06189090273351526,0.4324565529823303,0.18778017163276672,83.07664529274781,3068,results/unified_students/RAFDB_primary_g2g_kl_b070_T6_224_400e_swa200_seed43/2026-07-21-06-52-12
RAFDB_primary_g2g_kl_b070_T6_224_400e_swa200_seed43,2026-07-21-06-52-12,swa,True,"SWA average over [swa_start, epochs], fixed rule",43,400,200,1.0,vich,,89.60234832763672,0.06857223033594184,0.4233359098434448,0.17862524092197418,84.23588537028301,3068,results/unified_students/RAFDB_primary_g2g_kl_b070_T6_224_400e_swa200_seed43/2026-07-21-06-52-12
RAFDB_primary_gate_noclassweight_b070_T6_224_400e_swa200,2026-07-19-10-39-49,best,False,argmax val_acc over epochs (PEEKS at eval set),42,400,200,1.0,vich,308,89.21121215820312,0.0652656583249025,0.43467018008232117,0.1837780624628067,83.41750779286185,3068,results/unified_students/RAFDB_primary_gate_noclassweight_b070_T6_224_400e_swa200/2026-07-19-10-39-49
RAFDB_primary_gate_noclassweight_b070_T6_224_400e_swa200,2026-07-19-10-39-49,last,True,"final epoch, fixed rule",42,400,200,1.0,vich,400,88.33116149902344,0.07076154524919417,0.44329679012298584,0.19335654377937317,82.63646794820713,3068,results/unified_students/RAFDB_primary_gate_noclassweight_b070_T6_224_400e_swa200/2026-07-19-10-39-49
RAFDB_primary_gate_noclassweight_b070_T6_224_400e_swa200,2026-07-19-10-39-49,swa,True,"SWA average over [swa_start, epochs], fixed rule",42,400,200,1.0,vich,,89.47196960449219,0.07118882832385726,0.4327472150325775,0.18071062862873077,83.78275281402394,3068,results/unified_students/RAFDB_primary_gate_noclassweight_b070_T6_224_400e_swa200/2026-07-19-10-39-49
RAFDB_primary_gate_noclassweight_b070_T6_224_400e_swa200_seed1,2026-08-07-19-50-25,best,False,argmax val_acc over epochs (PEEKS at eval set),1,400,200,1.0,vich,342,89.53715515136719,0.060963570323652516,0.4124375879764557,0.17452393472194672,83.8258062323571,3068,results/unified_students/RAFDB_primary_gate_noclassweight_b070_T6_224_400e_swa200_seed1/2026-08-07-19-50-25
RAFDB_primary_gate_noclassweight_b070_T6_224_400e_swa200_seed1,2026-08-07-19-50-25,last,True,"final epoch, fixed rule",1,400,200,1.0,vich,400,88.85267639160156,0.0663914005945994,0.42797473073005676,0.1845911145210266,83.12359950820765,3068,results/unified_students/RAFDB_primary_gate_noclassweight_b070_T6_224_400e_swa200_seed1/2026-08-07-19-50-25
RAFDB_primary_gate_noclassweight_b070_T6_224_400e_swa200_seed1,2026-08-07-19-50-25,swa,True,"SWA average over [swa_start, epochs], fixed rule",1,400,200,1.0,vich,,89.92829132080078,0.06343492278841359,0.41841354966163635,0.17149606347084045,84.78249404223946,3068,results/unified_students/RAFDB_primary_gate_noclassweight_b070_T6_224_400e_swa200_seed1/2026-08-07-19-50-25
RAFDB_primary_gate_noclassweight_b070_T6_224_400e_swa200_seed43,2026-08-07-22-08-47,best,False,argmax val_acc over epochs (PEEKS at eval set),43,400,200,1.0,vich,132,88.9830551147461,0.06349598500765909,0.43411317467689514,0.1889406144618988,83.33477732328033,3068,results/unified_students/RAFDB_primary_gate_noclassweight_b070_T6_224_400e_swa200_seed43/2026-08-07-22-08-47
RAFDB_primary_gate_noclassweight_b070_T6_224_400e_swa200_seed43,2026-08-07-22-08-47,last,True,"final epoch, fixed rule",43,400,200,1.0,vich,400,88.2007827758789,0.07487049762941557,0.4526437222957611,0.19739064574241638,81.30211404017555,3068,results/unified_students/RAFDB_primary_gate_noclassweight_b070_T6_224_400e_swa200_seed43/2026-08-07-22-08-47
RAFDB_primary_gate_noclassweight_b070_T6_224_400e_swa200_seed43,2026-08-07-22-08-47,swa,True,"SWA average over [swa_start, epochs], fixed rule",43,400,200,1.0,vich,,88.9830551147461,0.07516670262992305,0.4500585198402405,0.18826067447662354,82.86568601712636,3068,results/unified_students/RAFDB_primary_gate_noclassweight_b070_T6_224_400e_swa200_seed43/2026-08-07-22-08-47
RAFDB_primary_gate_oracle_error_b070_T6_224_400e_swa200_seed1,2026-07-31-21-14-59,best,False,argmax val_acc over epochs (PEEKS at eval set),1,400,200,1.0,vich,149,89.53715515136719,0.06505773940659099,0.4229888319969177,0.17915917932987213,83.6687375095654,3068,results/unified_students/RAFDB_primary_gate_oracle_error_b070_T6_224_400e_swa200_seed1/2026-07-31-21-14-59
RAFDB_primary_gate_oracle_error_b070_T6_224_400e_swa200_seed1,2026-07-31-21-14-59,last,True,"final epoch, fixed rule",1,400,200,1.0,vich,400,88.39634704589844,0.07290312350573408,0.44875454902648926,0.1914861500263214,82.32213228538726,3068,results/unified_students/RAFDB_primary_gate_oracle_error_b070_T6_224_400e_swa200_seed1/2026-07-31-21-14-59
RAFDB_primary_gate_oracle_error_b070_T6_224_400e_swa200_seed1,2026-07-31-21-14-59,swa,True,"SWA average over [swa_start, epochs], fixed rule",1,400,200,1.0,vich,,89.63494110107422,0.07380330499451039,0.43900105357170105,0.18049383163452148,84.1242984707142,3068,results/unified_students/RAFDB_primary_gate_oracle_error_b070_T6_224_400e_swa200_seed1/2026-07-31-21-14-59
RAFDB_primary_gate_oracle_error_b070_T6_224_400e_swa200_seed42,2026-07-31-16-34-21,best,False,argmax val_acc over epochs (PEEKS at eval set),42,400,200,1.0,vich,331,88.88526916503906,0.06779624739324254,0.4204046130180359,0.18636658787727356,82.18244809216552,3068,results/unified_students/RAFDB_primary_gate_oracle_error_b070_T6_224_400e_swa200_seed42/2026-07-31-16-34-21
RAFDB_primary_gate_oracle_error_b070_T6_224_400e_swa200_seed42,2026-07-31-16-34-21,last,True,"final epoch, fixed rule",42,400,200,1.0,vich,400,88.00521850585938,0.07379038461922356,0.4388160705566406,0.19700630009174347,80.99026711749956,3068,results/unified_students/RAFDB_primary_gate_oracle_error_b070_T6_224_400e_swa200_seed42/2026-07-31-16-34-21
RAFDB_primary_gate_oracle_error_b070_T6_224_400e_swa200_seed42,2026-07-31-16-34-21,swa,True,"SWA average over [swa_start, epochs], fixed rule",42,400,200,1.0,vich,,88.88526916503906,0.07850799074267781,0.4495715796947479,0.18991665542125702,82.51990780234361,3068,results/unified_students/RAFDB_primary_gate_oracle_error_b070_T6_224_400e_swa200_seed42/2026-07-31-16-34-21
RAFDB_primary_gate_oracle_error_b070_T6_224_400e_swa200_seed43,2026-08-01-01-53-22,best,False,argmax val_acc over epochs (PEEKS at eval set),43,400,200,1.0,vich,297,89.21121215820312,0.064343250530251,0.41899266839027405,0.1814803034067154,83.21997360746158,3068,results/unified_students/RAFDB_primary_gate_oracle_error_b070_T6_224_400e_swa200_seed43/2026-08-01-01-53-22
RAFDB_primary_gate_oracle_error_b070_T6_224_400e_swa200_seed43,2026-08-01-01-53-22,last,True,"final epoch, fixed rule",43,400,200,1.0,vich,400,88.00521850585938,0.08167632784806143,0.47789818048477173,0.20300434529781342,81.67821658667641,3068,results/unified_students/RAFDB_primary_gate_oracle_error_b070_T6_224_400e_swa200_seed43/2026-08-01-01-53-22
RAFDB_primary_gate_oracle_error_b070_T6_224_400e_swa200_seed43,2026-08-01-01-53-22,swa,True,"SWA average over [swa_start, epochs], fixed rule",43,400,200,1.0,vich,,89.24380493164062,0.07533342725411543,0.4423699975013733,0.18204881250858307,83.3648658167913,3068,results/unified_students/RAFDB_primary_gate_oracle_error_b070_T6_224_400e_swa200_seed43/2026-08-01-01-53-22
RAFDB_primary_gate_target_logvar_b070_T6_224_400e_swa200,2026-07-20-04-53-00,best,False,argmax val_acc over epochs (PEEKS at eval set),42,400,200,1.0,vich,319,89.14602661132812,0.06561637217618496,0.4303451478481293,0.18301384150981903,82.46028961473597,3068,results/unified_students/RAFDB_primary_gate_target_logvar_b070_T6_224_400e_swa200/2026-07-20-04-53-00
RAFDB_primary_gate_target_logvar_b070_T6_224_400e_swa200,2026-07-20-04-53-00,last,True,"final epoch, fixed rule",42,400,200,1.0,vich,400,88.33116149902344,0.06809886595455267,0.4444941282272339,0.19638268649578094,81.87610144223046,3068,results/unified_students/RAFDB_primary_gate_target_logvar_b070_T6_224_400e_swa200/2026-07-20-04-53-00
RAFDB_primary_gate_target_logvar_b070_T6_224_400e_swa200,2026-07-20-04-53-00,swa,True,"SWA average over [swa_start, epochs], fixed rule",42,400,200,1.0,vich,,89.0808334350586,0.07575942932432603,0.45382171869277954,0.18680515885353088,82.48845064236865,3068,results/unified_students/RAFDB_primary_gate_target_logvar_b070_T6_224_400e_swa200/2026-07-20-04-53-00
RAFDB_primary_gate_target_logvar_b070_T6_224_400e_swa200_seed1,2026-08-08-00-29-05,best,False,argmax val_acc over epochs (PEEKS at eval set),1,400,200,1.0,vich,300,89.37418365478516,0.06608920273367397,0.4203840494155884,0.17817941308021545,82.95072819013932,3068,results/unified_students/RAFDB_primary_gate_target_logvar_b070_T6_224_400e_swa200_seed1/2026-08-08-00-29-05
RAFDB_primary_gate_target_logvar_b070_T6_224_400e_swa200_seed1,2026-08-08-00-29-05,last,True,"final epoch, fixed rule",1,400,200,1.0,vich,400,88.5919189453125,0.07015662772928255,0.42672502994537354,0.18762247264385223,82.40594005198876,3068,results/unified_students/RAFDB_primary_gate_target_logvar_b070_T6_224_400e_swa200_seed1/2026-08-08-00-29-05
RAFDB_primary_gate_target_logvar_b070_T6_224_400e_swa200_seed1,2026-08-08-00-29-05,swa,True,"SWA average over [swa_start, epochs], fixed rule",1,400,200,1.0,vich,,89.24380493164062,0.07534120259551523,0.43998193740844727,0.18181903660297394,83.33547873347275,3068,results/unified_students/RAFDB_primary_gate_target_logvar_b070_T6_224_400e_swa200_seed1/2026-08-08-00-29-05
RAFDB_primary_gate_target_logvar_b070_T6_224_400e_swa200_seed43,2026-08-08-02-50-40,best,False,argmax val_acc over epochs (PEEKS at eval set),43,400,200,1.0,vich,324,89.1134262084961,0.06139322535427484,0.42381182312965393,0.182943657040596,82.83417340267067,3068,results/unified_students/RAFDB_primary_gate_target_logvar_b070_T6_224_400e_swa200_seed43/2026-08-08-02-50-40
RAFDB_primary_gate_target_logvar_b070_T6_224_400e_swa200_seed43,2026-08-08-02-50-40,last,True,"final epoch, fixed rule",43,400,200,1.0,vich,400,88.78748321533203,0.07015672054098046,0.4406614899635315,0.18897347152233124,82.6746112892959,3068,results/unified_students/RAFDB_primary_gate_target_logvar_b070_T6_224_400e_swa200_seed43/2026-08-08-02-50-40
RAFDB_primary_gate_target_logvar_b070_T6_224_400e_swa200_seed43,2026-08-08-02-50-40,swa,True,"SWA average over [swa_start, epochs], fixed rule",43,400,200,1.0,vich,,89.21121215820312,0.073067491521969,0.4362698197364807,0.18254521489143372,83.21592302628771,3068,results/unified_students/RAFDB_primary_gate_target_logvar_b070_T6_224_400e_swa200_seed43/2026-08-08-02-50-40
RAFDB_primary_logit_std_b070_T6_224_400e_swa200,2026-07-18-03-53-27,best,False,argmax val_acc over epochs (PEEKS at eval set),42,400,200,1.0,vich,363,89.0482406616211,0.18433990172624123,0.5766631960868835,0.23432983458042145,83.21866948238191,3068,results/unified_students/RAFDB_primary_logit_std_b070_T6_224_400e_swa200/2026-07-18-03-53-27
RAFDB_primary_logit_std_b070_T6_224_400e_swa200,2026-07-18-03-53-27,last,True,"final epoch, fixed rule",42,400,200,1.0,vich,400,88.2007827758789,0.177913249311228,0.5942515134811401,0.24519768357276917,81.77861138397907,3068,results/unified_students/RAFDB_primary_logit_std_b070_T6_224_400e_swa200/2026-07-18-03-53-27
RAFDB_primary_logit_std_b070_T6_224_400e_swa200,2026-07-18-03-53-27,swa,True,"SWA average over [swa_start, epochs], fixed rule",42,400,200,1.0,vich,,89.14602661132812,0.1508095444676696,0.5402394533157349,0.218300923705101,83.50733442962964,3068,results/unified_students/RAFDB_primary_logit_std_b070_T6_224_400e_swa200/2026-07-18-03-53-27
RAFDB_primary_logit_std_b070_T6_224_400e_swa200_seed1,2026-07-29-05-29-38,best,False,argmax val_acc over epochs (PEEKS at eval set),1,400,200,1.0,vich,259,89.17861938476562,0.17384667156417177,0.5612470507621765,0.22746619582176208,82.74081111513594,3068,results/unified_students/RAFDB_primary_logit_std_b070_T6_224_400e_swa200_seed1/2026-07-29-05-29-38
RAFDB_primary_logit_std_b070_T6_224_400e_swa200_seed1,2026-07-29-05-29-38,last,True,"final epoch, fixed rule",1,400,200,1.0,vich,400,88.2333755493164,0.16938312433300615,0.5610397458076477,0.2297154814004898,81.75628224636968,3068,results/unified_students/RAFDB_primary_logit_std_b070_T6_224_400e_swa200_seed1/2026-07-29-05-29-38
RAFDB_primary_logit_std_b070_T6_224_400e_swa200_seed1,2026-07-29-05-29-38,swa,True,"SWA average over [swa_start, epochs], fixed rule",1,400,200,1.0,vich,,89.34159088134766,0.15798013133750902,0.5284845232963562,0.21275106072425842,83.81101511658655,3068,results/unified_students/RAFDB_primary_logit_std_b070_T6_224_400e_swa200_seed1/2026-07-29-05-29-38
RAFDB_primary_logit_std_b070_T6_224_400e_swa200_seed43,2026-07-29-05-29-38,best,False,argmax val_acc over epochs (PEEKS at eval set),43,400,200,1.0,vich,210,89.17861938476562,0.1810160369516352,0.5659192800521851,0.22983106970787048,83.42077565532752,3068,results/unified_students/RAFDB_primary_logit_std_b070_T6_224_400e_swa200_seed43/2026-07-29-05-29-38
RAFDB_primary_logit_std_b070_T6_224_400e_swa200_seed43,2026-07-29-05-29-38,last,True,"final epoch, fixed rule",43,400,200,1.0,vich,400,88.2333755493164,0.17627003176485076,0.5807319283485413,0.2383030503988266,82.89836172723894,3068,results/unified_students/RAFDB_primary_logit_std_b070_T6_224_400e_swa200_seed43/2026-07-29-05-29-38
RAFDB_primary_logit_std_b070_T6_224_400e_swa200_seed43,2026-07-29-05-29-38,swa,True,"SWA average over [swa_start, epochs], fixed rule",43,400,200,1.0,vich,,89.37418365478516,0.16111428593194313,0.5337818264961243,0.214753195643425,83.72609685910088,3068,results/unified_students/RAFDB_primary_logit_std_b070_T6_224_400e_swa200_seed43/2026-07-29-05-29-38
RAFDB_stage1_adaptive_t_b070_T6_224_200e_noSWA,2026-07-19-22-50-15,best,False,argmax val_acc over epochs (PEEKS at eval set),42,200,,1.0,vich,129,89.66753387451172,0.0682668455790199,0.40748000144958496,0.17583873867988586,83.77748036871037,3068,results/unified_students/RAFDB_stage1_adaptive_t_b070_T6_224_200e_noSWA/2026-07-19-22-50-15
RAFDB_stage1_adaptive_t_b070_T6_224_200e_noSWA,2026-07-19-22-50-15,last,True,"final epoch, fixed rule",42,200,,1.0,vich,200,88.36375427246094,0.06910314048595503,0.43762630224227905,0.19357448816299438,81.7775018261466,3068,results/unified_students/RAFDB_stage1_adaptive_t_b070_T6_224_200e_noSWA/2026-07-19-22-50-15
RAFDB_stage1_adaptive_t_b070_T6_224_400e_swa200,2026-07-18-18-42-25,best,False,argmax val_acc over epochs (PEEKS at eval set),42,400,200,1.0,vich,399,90.02607727050781,0.060871066460009504,0.3869044780731201,0.16809141635894775,84.89711269901322,3068,results/unified_students/RAFDB_stage1_adaptive_t_b070_T6_224_400e_swa200/2026-07-18-18-42-25
RAFDB_stage1_adaptive_t_b070_T6_224_400e_swa200,2026-07-18-18-42-25,last,True,"final epoch, fixed rule",42,400,200,1.0,vich,400,89.73272705078125,0.061796536695848385,0.39030686020851135,0.17041003704071045,84.36846723253633,3068,results/unified_students/RAFDB_stage1_adaptive_t_b070_T6_224_400e_swa200/2026-07-18-18-42-25
RAFDB_stage1_adaptive_t_b070_T6_224_400e_swa200,2026-07-18-18-42-25,swa,True,"SWA average over [swa_start, epochs], fixed rule",42,400,200,1.0,vich,,89.43937683105469,0.07425448236285163,0.42624425888061523,0.17688919603824615,83.39071776268545,3068,results/unified_students/RAFDB_stage1_adaptive_t_b070_T6_224_400e_swa200/2026-07-18-18-42-25
RAFDB_stage1_adaptive_t_b070_T6_224_400e_swa200_seed1,2026-07-22-07-09-06,best,False,argmax val_acc over epochs (PEEKS at eval set),1,400,200,1.0,vich,340,89.79791259765625,0.06756427425118905,0.40701255202293396,0.17701585590839386,83.74733752274126,3068,results/unified_students/RAFDB_stage1_adaptive_t_b070_T6_224_400e_swa200_seed1/2026-07-22-07-09-06
RAFDB_stage1_adaptive_t_b070_T6_224_400e_swa200_seed1,2026-07-22-07-09-06,last,True,"final epoch, fixed rule",1,400,200,1.0,vich,400,89.43937683105469,0.06840352671320467,0.4128560721874237,0.17825520038604736,83.37667143106084,3068,results/unified_students/RAFDB_stage1_adaptive_t_b070_T6_224_400e_swa200_seed1/2026-07-22-07-09-06
RAFDB_stage1_adaptive_t_b070_T6_224_400e_swa200_seed1,2026-07-22-07-09-06,swa,True,"SWA average over [swa_start, epochs], fixed rule",1,400,200,1.0,vich,,89.89569854736328,0.07225026568152604,0.4233614504337311,0.1736716777086258,83.89180645444087,3068,results/unified_students/RAFDB_stage1_adaptive_t_b070_T6_224_400e_swa200_seed1/2026-07-22-07-09-06
RAFDB_stage1_adaptive_t_b070_T6_224_400e_swa200_seed43,2026-07-25-23-19-01,best,False,argmax val_acc over epochs (PEEKS at eval set),43,400,200,1.0,vich,397,90.09126281738281,0.06826572114361312,0.42479223012924194,0.17464540898799896,84.26523097482244,3068,results/unified_students/RAFDB_stage1_adaptive_t_b070_T6_224_400e_swa200_seed43/2026-07-25-23-19-01
RAFDB_stage1_adaptive_t_b070_T6_224_400e_swa200_seed43,2026-07-25-23-19-01,last,True,"final epoch, fixed rule",43,400,200,1.0,vich,400,89.50456237792969,0.06606191496280989,0.40064874291419983,0.17456375062465668,84.4171934713128,3068,results/unified_students/RAFDB_stage1_adaptive_t_b070_T6_224_400e_swa200_seed43/2026-07-25-23-19-01
RAFDB_stage1_adaptive_t_b070_T6_224_400e_swa200_seed43,2026-07-25-23-19-01,swa,True,"SWA average over [swa_start, epochs], fixed rule",43,400,200,1.0,vich,,89.96088409423828,0.06959931223108062,0.4185464084148407,0.17140820622444153,84.43493613452104,3068,results/unified_students/RAFDB_stage1_adaptive_t_b070_T6_224_400e_swa200_seed43/2026-07-25-23-19-01
RAFDB_stage1_baseline_b070_T6_224_200e_noSWA,2026-07-19-15-21-14,best,False,argmax val_acc over epochs (PEEKS at eval set),42,200,,1.0,vich,137,89.50456237792969,0.05767192036846004,0.38200539350509644,0.17284703254699707,83.42325661068845,3068,results/unified_students/RAFDB_stage1_baseline_b070_T6_224_200e_noSWA/2026-07-19-15-21-14
RAFDB_stage1_baseline_b070_T6_224_200e_noSWA,2026-07-19-15-21-14,last,True,"final epoch, fixed rule",42,200,,1.0,vich,200,87.05997467041016,0.08821728699288126,0.4890402853488922,0.21387073397636414,79.38398515892429,3068,results/unified_students/RAFDB_stage1_baseline_b070_T6_224_200e_noSWA/2026-07-19-15-21-14
RAFDB_stage1_baseline_b070_T6_224_400e_swa200_seed1,2026-07-21-22-57-33,best,False,argmax val_acc over epochs (PEEKS at eval set),1,400,200,1.0,vich,328,89.83050537109375,0.06134361418199664,0.3985345959663391,0.17326867580413818,84.26280216044009,3068,results/unified_students/RAFDB_stage1_baseline_b070_T6_224_400e_swa200_seed1/2026-07-21-22-57-33
RAFDB_stage1_baseline_b070_T6_224_400e_swa200_seed1,2026-07-21-22-57-33,last,True,"final epoch, fixed rule",1,400,200,1.0,vich,400,88.88526916503906,0.07522198575338765,0.43451735377311707,0.18609745800495148,82.10974721057083,3068,results/unified_students/RAFDB_stage1_baseline_b070_T6_224_400e_swa200_seed1/2026-07-21-22-57-33
RAFDB_stage1_baseline_b070_T6_224_400e_swa200_seed1,2026-07-21-22-57-33,swa,True,"SWA average over [swa_start, epochs], fixed rule",1,400,200,1.0,vich,,89.99348449707031,0.0721164230874107,0.4185015559196472,0.172125905752182,83.8730528771725,3068,results/unified_students/RAFDB_stage1_baseline_b070_T6_224_400e_swa200_seed1/2026-07-21-22-57-33
RAFDB_stage1_baseline_b070_T6_224_400e_swa200_seed43,2026-07-22-03-03-17,best,False,argmax val_acc over epochs (PEEKS at eval set),43,400,200,1.0,vich,347,89.76531982421875,0.068609196454714,0.42149195075035095,0.17688597738742828,83.83426038515628,3068,results/unified_students/RAFDB_stage1_baseline_b070_T6_224_400e_swa200_seed43/2026-07-22-03-03-17
RAFDB_stage1_baseline_b070_T6_224_400e_swa200_seed43,2026-07-22-03-03-17,last,True,"final epoch, fixed rule",43,400,200,1.0,vich,400,89.0808334350586,0.07427308892022522,0.43427881598472595,0.1853659749031067,82.41631969992966,3068,results/unified_students/RAFDB_stage1_baseline_b070_T6_224_400e_swa200_seed43/2026-07-22-03-03-17
RAFDB_stage1_baseline_b070_T6_224_400e_swa200_seed43,2026-07-22-03-03-17,swa,True,"SWA average over [swa_start, epochs], fixed rule",43,400,200,1.0,vich,,89.43937683105469,0.07442842306377369,0.43171271681785583,0.17874357104301453,83.64646454235775,3068,results/unified_students/RAFDB_stage1_baseline_b070_T6_224_400e_swa200_seed43/2026-07-22-03-03-17
RAFDB_stage1_baseline_noclassweight_b070_T6_224_400e_swa200_seed1,2026-07-30-19-08-16,best,False,argmax val_acc over epochs (PEEKS at eval set),1,400,200,1.0,vich,266,89.73272705078125,0.06698322086321795,0.41819438338279724,0.17503218352794647,83.92866264985282,3068,results/unified_students/RAFDB_stage1_baseline_noclassweight_b070_T6_224_400e_swa200_seed1/2026-07-30-19-08-16
RAFDB_stage1_baseline_noclassweight_b070_T6_224_400e_swa200_seed1,2026-07-30-19-08-16,last,True,"final epoch, fixed rule",1,400,200,1.0,vich,400,89.34159088134766,0.0728368682366695,0.43205568194389343,0.17896658182144165,83.3659722215725,3068,results/unified_students/RAFDB_stage1_baseline_noclassweight_b070_T6_224_400e_swa200_seed1/2026-07-30-19-08-16
RAFDB_stage1_baseline_noclassweight_b070_T6_224_400e_swa200_seed1,2026-07-30-19-08-16,swa,True,"SWA average over [swa_start, epochs], fixed rule",1,400,200,1.0,vich,,89.56975555419922,0.07670366622245296,0.4443693161010742,0.1795249581336975,83.6792158797044,3068,results/unified_students/RAFDB_stage1_baseline_noclassweight_b070_T6_224_400e_swa200_seed1/2026-07-30-19-08-16
RAFDB_stage1_baseline_noclassweight_b070_T6_224_400e_swa200_seed42,2026-07-30-14-32-07,best,False,argmax val_acc over epochs (PEEKS at eval set),42,400,200,1.0,vich,386,89.86310577392578,0.06087491961470483,0.4023328423500061,0.17337873578071594,84.12712373719145,3068,results/unified_students/RAFDB_stage1_baseline_noclassweight_b070_T6_224_400e_swa200_seed42/2026-07-30-14-32-07
RAFDB_stage1_baseline_noclassweight_b070_T6_224_400e_swa200_seed42,2026-07-30-14-32-07,last,True,"final epoch, fixed rule",42,400,200,1.0,vich,400,88.9830551147461,0.06318587255621672,0.3980143070220947,0.17783549427986145,83.02312058029658,3068,results/unified_students/RAFDB_stage1_baseline_noclassweight_b070_T6_224_400e_swa200_seed42/2026-07-30-14-32-07
RAFDB_stage1_baseline_noclassweight_b070_T6_224_400e_swa200_seed42,2026-07-30-14-32-07,swa,True,"SWA average over [swa_start, epochs], fixed rule",42,400,200,1.0,vich,,89.63494110107422,0.07250905179720969,0.42565596103668213,0.17359474301338196,83.52059150717184,3068,results/unified_students/RAFDB_stage1_baseline_noclassweight_b070_T6_224_400e_swa200_seed42/2026-07-30-14-32-07
RAFDB_stage1_baseline_noclassweight_b070_T6_224_400e_swa200_seed43,2026-07-30-23-43-35,best,False,argmax val_acc over epochs (PEEKS at eval set),43,400,200,1.0,vich,310,89.86310577392578,0.06755296659632798,0.41802868247032166,0.1753128468990326,83.39421395892722,3068,results/unified_students/RAFDB_stage1_baseline_noclassweight_b070_T6_224_400e_swa200_seed43/2026-07-30-23-43-35
RAFDB_stage1_baseline_noclassweight_b070_T6_224_400e_swa200_seed43,2026-07-30-23-43-35,last,True,"final epoch, fixed rule",43,400,200,1.0,vich,400,89.0482406616211,0.07124705454322475,0.41476166248321533,0.1789482682943344,83.08756781188625,3068,results/unified_students/RAFDB_stage1_baseline_noclassweight_b070_T6_224_400e_swa200_seed43/2026-07-30-23-43-35
RAFDB_stage1_baseline_noclassweight_b070_T6_224_400e_swa200_seed43,2026-07-30-23-43-35,swa,True,"SWA average over [swa_start, epochs], fixed rule",43,400,200,1.0,vich,,89.76531982421875,0.07425331926602272,0.426089882850647,0.17523907124996185,83.18037661612902,3068,results/unified_students/RAFDB_stage1_baseline_noclassweight_b070_T6_224_400e_swa200_seed43/2026-07-30-23-43-35
RAFDB_stage1_ctkd_b070_T6_224_200e_noSWA,2026-07-20-00-00-00,best,False,argmax val_acc over epochs (PEEKS at eval set),42,200,,1.0,vich,131,89.83050537109375,0.07158953317646252,0.4357055127620697,0.17853467166423798,84.43763601984618,3068,results/unified_students/RAFDB_stage1_ctkd_b070_T6_224_200e_noSWA/2026-07-20-00-00-00
RAFDB_stage1_ctkd_b070_T6_224_200e_noSWA,2026-07-20-00-00-00,last,True,"final epoch, fixed rule",42,200,,1.0,vich,200,87.45110321044922,0.0903253250086323,0.5430768132209778,0.2139284610748291,80.43633152270085,3068,results/unified_students/RAFDB_stage1_ctkd_b070_T6_224_200e_noSWA/2026-07-20-00-00-00
RAFDB_stage1_ctkd_b070_T6_224_400e_swa200,2026-07-18-22-50-12,best,False,argmax val_acc over epochs (PEEKS at eval set),42,400,200,1.0,vich,316,89.60234832763672,0.0724943082638794,0.4377221465110779,0.17787465453147888,83.79006038028724,3068,results/unified_students/RAFDB_stage1_ctkd_b070_T6_224_400e_swa200/2026-07-18-22-50-12
RAFDB_stage1_ctkd_b070_T6_224_400e_swa200,2026-07-18-22-50-12,last,True,"final epoch, fixed rule",42,400,200,1.0,vich,400,89.40678405761719,0.07594850648685106,0.4442663788795471,0.18195751309394836,83.16593112763586,3068,results/unified_students/RAFDB_stage1_ctkd_b070_T6_224_400e_swa200/2026-07-18-22-50-12
RAFDB_stage1_ctkd_b070_T6_224_400e_swa200,2026-07-18-22-50-12,swa,True,"SWA average over [swa_start, epochs], fixed rule",42,400,200,1.0,vich,,89.34159088134766,0.07866561179677076,0.45051756501197815,0.1831849068403244,83.50268217550294,3068,results/unified_students/RAFDB_stage1_ctkd_b070_T6_224_400e_swa200/2026-07-18-22-50-12
RAFDB_stage1_g2g_kl_b070_T6_224_200e_noSWA,2026-07-19-18-44-14,best,False,argmax val_acc over epochs (PEEKS at eval set),42,200,,1.0,vich,149,89.63494110107422,0.06832739622896777,0.41939347982406616,0.17771218717098236,83.5797126541185,3068,results/unified_students/RAFDB_stage1_g2g_kl_b070_T6_224_200e_noSWA/2026-07-19-18-44-14
RAFDB_stage1_g2g_kl_b070_T6_224_200e_noSWA,2026-07-19-18-44-14,last,True,"final epoch, fixed rule",42,200,,1.0,vich,200,87.77705383300781,0.08482291209456819,0.50302654504776,0.20645920932292938,80.6142166393464,3068,results/unified_students/RAFDB_stage1_g2g_kl_b070_T6_224_200e_noSWA/2026-07-19-18-44-14
RAFDB_stage1_g2g_kl_b070_T6_224_400e_swa200,2026-07-18-10-33-06,best,False,argmax val_acc over epochs (PEEKS at eval set),42,400,200,1.0,vich,285,90.09126281738281,0.06229101398758191,0.4025321900844574,0.16775240004062653,84.75961425814558,3068,results/unified_students/RAFDB_stage1_g2g_kl_b070_T6_224_400e_swa200/2026-07-18-10-33-06
RAFDB_stage1_g2g_kl_b070_T6_224_400e_swa200,2026-07-18-10-33-06,last,True,"final epoch, fixed rule",42,400,200,1.0,vich,400,89.37418365478516,0.06375652744958112,0.4030153453350067,0.1752626895904541,83.0238796717568,3068,results/unified_students/RAFDB_stage1_g2g_kl_b070_T6_224_400e_swa200/2026-07-18-10-33-06
RAFDB_stage1_g2g_kl_b070_T6_224_400e_swa200,2026-07-18-10-33-06,swa,True,"SWA average over [swa_start, epochs], fixed rule",42,400,200,1.0,vich,,90.18904876708984,0.06828076917935537,0.4169062376022339,0.16986729204654694,84.6213284945334,3068,results/unified_students/RAFDB_stage1_g2g_kl_b070_T6_224_400e_swa200/2026-07-18-10-33-06
RAFDB_stage1_g2g_kl_b070_T6_224_400e_swa200_seed1,2026-07-22-03-01-52,best,False,argmax val_acc over epochs (PEEKS at eval set),1,400,200,1.0,vich,147,90.09126281738281,0.05741861471335611,0.39533665776252747,0.16626429557800293,84.36806496346901,3068,results/unified_students/RAFDB_stage1_g2g_kl_b070_T6_224_400e_swa200_seed1/2026-07-22-03-01-52
RAFDB_stage1_g2g_kl_b070_T6_224_400e_swa200_seed1,2026-07-22-03-01-52,last,True,"final epoch, fixed rule",1,400,200,1.0,vich,400,89.30899810791016,0.06650816359237866,0.40123286843299866,0.1734771877527237,82.77948406823229,3068,results/unified_students/RAFDB_stage1_g2g_kl_b070_T6_224_400e_swa200_seed1/2026-07-22-03-01-52
RAFDB_stage1_g2g_kl_b070_T6_224_400e_swa200_seed1,2026-07-22-03-01-52,swa,True,"SWA average over [swa_start, epochs], fixed rule",1,400,200,1.0,vich,,90.05867004394531,0.06786091552350325,0.40593448281288147,0.1667143553495407,83.95047106129881,3068,results/unified_students/RAFDB_stage1_g2g_kl_b070_T6_224_400e_swa200_seed1/2026-07-22-03-01-52
RAFDB_stage1_g2g_kl_b070_T6_224_400e_swa200_seed43,2026-07-22-07-09-35,best,False,argmax val_acc over epochs (PEEKS at eval set),43,400,200,1.0,vich,299,89.34159088134766,0.0633394871067348,0.396117240190506,0.1739782691001892,82.37542562978943,3068,results/unified_students/RAFDB_stage1_g2g_kl_b070_T6_224_400e_swa200_seed43/2026-07-22-07-09-35
RAFDB_stage1_g2g_kl_b070_T6_224_400e_swa200_seed43,2026-07-22-07-09-35,last,True,"final epoch, fixed rule",43,400,200,1.0,vich,400,88.42894744873047,0.07527766511757339,0.4404800236225128,0.18933680653572083,80.67373903441414,3068,results/unified_students/RAFDB_stage1_g2g_kl_b070_T6_224_400e_swa200_seed43/2026-07-22-07-09-35
RAFDB_stage1_g2g_kl_b070_T6_224_400e_swa200_seed43,2026-07-22-07-09-35,swa,True,"SWA average over [swa_start, epochs], fixed rule",43,400,200,1.0,vich,,89.79791259765625,0.07057230173570081,0.42330706119537354,0.17334617674350739,83.64625749209677,3068,results/unified_students/RAFDB_stage1_g2g_kl_b070_T6_224_400e_swa200_seed43/2026-07-22-07-09-35
RAFDB_stage1_gate_b070_T6_224_200e_noSWA,2026-07-19-16-32-23,best,False,argmax val_acc over epochs (PEEKS at eval set),42,200,,1.0,vich,144,89.0156478881836,0.06791800250829899,0.4204094707965851,0.18351680040359497,82.65431810761,3068,results/unified_students/RAFDB_stage1_gate_b070_T6_224_200e_noSWA/2026-07-19-16-32-23
RAFDB_stage1_gate_b070_T6_224_200e_noSWA,2026-07-19-16-32-23,last,True,"final epoch, fixed rule",42,200,,1.0,vich,200,87.22294616699219,0.0926721600580091,0.5273669958114624,0.2191981077194214,79.68634070907402,3068,results/unified_students/RAFDB_stage1_gate_b070_T6_224_200e_noSWA/2026-07-19-16-32-23
RAFDB_stage1_gate_noclassweight_b070_T6_224_400e_swa200,2026-07-19-08-10-43,best,False,argmax val_acc over epochs (PEEKS at eval set),42,400,200,1.0,vich,327,89.56975555419922,0.06777392352070305,0.41648349165916443,0.1757948398590088,83.4807632133572,3068,results/unified_students/RAFDB_stage1_gate_noclassweight_b070_T6_224_400e_swa200/2026-07-19-08-10-43
RAFDB_stage1_gate_noclassweight_b070_T6_224_400e_swa200,2026-07-19-08-10-43,last,True,"final epoch, fixed rule",42,400,200,1.0,vich,400,89.0482406616211,0.06262704417245485,0.41353777050971985,0.17840968072414398,82.74321722552351,3068,results/unified_students/RAFDB_stage1_gate_noclassweight_b070_T6_224_400e_swa200/2026-07-19-08-10-43
RAFDB_stage1_gate_noclassweight_b070_T6_224_400e_swa200,2026-07-19-08-10-43,swa,True,"SWA average over [swa_start, epochs], fixed rule",42,400,200,1.0,vich,,89.56975555419922,0.0725144614724168,0.4317273199558258,0.17573963105678558,83.69445047741137,3068,results/unified_students/RAFDB_stage1_gate_noclassweight_b070_T6_224_400e_swa200/2026-07-19-08-10-43
RAFDB_stage1_gate_noclassweight_b070_T6_224_400e_swa200_seed1,2026-08-07-10-27-30,best,False,argmax val_acc over epochs (PEEKS at eval set),1,400,200,1.0,vich,376,89.60234832763672,0.06714464765833753,0.41489744186401367,0.1739826649427414,84.21693677017922,3068,results/unified_students/RAFDB_stage1_gate_noclassweight_b070_T6_224_400e_swa200_seed1/2026-08-07-10-27-30
RAFDB_stage1_gate_noclassweight_b070_T6_224_400e_swa200_seed1,2026-08-07-10-27-30,last,True,"final epoch, fixed rule",1,400,200,1.0,vich,400,89.27640533447266,0.0752943950708873,0.4319123923778534,0.18228048086166382,83.02129636391383,3068,results/unified_students/RAFDB_stage1_gate_noclassweight_b070_T6_224_400e_swa200_seed1/2026-08-07-10-27-30
RAFDB_stage1_gate_noclassweight_b070_T6_224_400e_swa200_seed1,2026-08-07-10-27-30,swa,True,"SWA average over [swa_start, epochs], fixed rule",1,400,200,1.0,vich,,89.56975555419922,0.07483874021930986,0.44012391567230225,0.17781679332256317,83.63166509057429,3068,results/unified_students/RAFDB_stage1_gate_noclassweight_b070_T6_224_400e_swa200_seed1/2026-08-07-10-27-30
RAFDB_stage1_gate_noclassweight_b070_T6_224_400e_swa200_seed43,2026-08-07-12-47-04,best,False,argmax val_acc over epochs (PEEKS at eval set),43,400,200,1.0,vich,149,89.76531982421875,0.06779843060763593,0.41877418756484985,0.17431053519248962,83.6431922956357,3068,results/unified_students/RAFDB_stage1_gate_noclassweight_b070_T6_224_400e_swa200_seed43/2026-08-07-12-47-04
RAFDB_stage1_gate_noclassweight_b070_T6_224_400e_swa200_seed43,2026-08-07-12-47-04,last,True,"final epoch, fixed rule",43,400,200,1.0,vich,400,88.36375427246094,0.07633216830633455,0.43320465087890625,0.18870283663272858,82.51453241959366,3068,results/unified_students/RAFDB_stage1_gate_noclassweight_b070_T6_224_400e_swa200_seed43/2026-08-07-12-47-04
RAFDB_stage1_gate_noclassweight_b070_T6_224_400e_swa200_seed43,2026-08-07-12-47-04,swa,True,"SWA average over [swa_start, epochs], fixed rule",43,400,200,1.0,vich,,89.53715515136719,0.07261277734990458,0.42851877212524414,0.1775311380624771,83.92341875665502,3068,results/unified_students/RAFDB_stage1_gate_noclassweight_b070_T6_224_400e_swa200_seed43/2026-08-07-12-47-04
RAFDB_stage1_gate_oracle_error_b070_T6_224_400e_swa200_seed1,2026-07-31-18-54-56,best,False,argmax val_acc over epochs (PEEKS at eval set),1,400,200,1.0,vich,365,89.73272705078125,0.06844901885579897,0.4325512647628784,0.17526911199092865,83.45686256301032,3068,results/unified_students/RAFDB_stage1_gate_oracle_error_b070_T6_224_400e_swa200_seed1/2026-07-31-18-54-56
RAFDB_stage1_gate_oracle_error_b070_T6_224_400e_swa200_seed1,2026-07-31-18-54-56,last,True,"final epoch, fixed rule",1,400,200,1.0,vich,400,89.0482406616211,0.07318364127479601,0.43644675612449646,0.18590018153190613,82.40621933631948,3068,results/unified_students/RAFDB_stage1_gate_oracle_error_b070_T6_224_400e_swa200_seed1/2026-07-31-18-54-56
RAFDB_stage1_gate_oracle_error_b070_T6_224_400e_swa200_seed1,2026-07-31-18-54-56,swa,True,"SWA average over [swa_start, epochs], fixed rule",1,400,200,1.0,vich,,89.86310577392578,0.07413982387724413,0.4408166706562042,0.17749428749084473,84.53642638571095,3068,results/unified_students/RAFDB_stage1_gate_oracle_error_b070_T6_224_400e_swa200_seed1/2026-07-31-18-54-56
RAFDB_stage1_gate_oracle_error_b070_T6_224_400e_swa200_seed42,2026-07-31-14-14-40,best,False,argmax val_acc over epochs (PEEKS at eval set),42,400,200,1.0,vich,352,89.40678405761719,0.06884637855313902,0.42364248633384705,0.17871645092964172,83.1082712581525,3068,results/unified_students/RAFDB_stage1_gate_oracle_error_b070_T6_224_400e_swa200_seed42/2026-07-31-14-14-40
RAFDB_stage1_gate_oracle_error_b070_T6_224_400e_swa200_seed42,2026-07-31-14-14-40,last,True,"final epoch, fixed rule",42,400,200,1.0,vich,400,88.29856872558594,0.06594145848540858,0.41040194034576416,0.1865786612033844,81.6038000760576,3068,results/unified_students/RAFDB_stage1_gate_oracle_error_b070_T6_224_400e_swa200_seed42/2026-07-31-14-14-40
RAFDB_stage1_gate_oracle_error_b070_T6_224_400e_swa200_seed42,2026-07-31-14-14-40,swa,True,"SWA average over [swa_start, epochs], fixed rule",42,400,200,1.0,vich,,89.27640533447266,0.07643715319900035,0.43087470531463623,0.1805504709482193,83.34717469299416,3068,results/unified_students/RAFDB_stage1_gate_oracle_error_b070_T6_224_400e_swa200_seed42/2026-07-31-14-14-40
RAFDB_stage1_gate_oracle_error_b070_T6_224_400e_swa200_seed43,2026-07-31-23-34-22,best,False,argmax val_acc over epochs (PEEKS at eval set),43,400,200,1.0,vich,268,89.50456237792969,0.07015200061274321,0.4322170913219452,0.1814645677804947,82.89822913077731,3068,results/unified_students/RAFDB_stage1_gate_oracle_error_b070_T6_224_400e_swa200_seed43/2026-07-31-23-34-22
RAFDB_stage1_gate_oracle_error_b070_T6_224_400e_swa200_seed43,2026-07-31-23-34-22,last,True,"final epoch, fixed rule",43,400,200,1.0,vich,400,88.91786193847656,0.07450696411196536,0.4397319555282593,0.18643859028816223,81.8673378522712,3068,results/unified_students/RAFDB_stage1_gate_oracle_error_b070_T6_224_400e_swa200_seed43/2026-07-31-23-34-22
RAFDB_stage1_gate_oracle_error_b070_T6_224_400e_swa200_seed43,2026-07-31-23-34-22,swa,True,"SWA average over [swa_start, epochs], fixed rule",43,400,200,1.0,vich,,89.17861938476562,0.07752167390759018,0.4443204700946808,0.18311235308647156,82.72059268025988,3068,results/unified_students/RAFDB_stage1_gate_oracle_error_b070_T6_224_400e_swa200_seed43/2026-07-31-23-34-22
RAFDB_stage1_gate_target_logvar_b070_T6_224_400e_swa200,2026-07-20-01-22-31,best,False,argmax val_acc over epochs (PEEKS at eval set),42,400,200,1.0,vich,366,89.96088409423828,0.05892225087776955,0.3900742828845978,0.1659584641456604,84.75953920874186,3068,results/unified_students/RAFDB_stage1_gate_target_logvar_b070_T6_224_400e_swa200/2026-07-20-01-22-31
RAFDB_stage1_gate_target_logvar_b070_T6_224_400e_swa200,2026-07-20-01-22-31,last,True,"final epoch, fixed rule",42,400,200,1.0,vich,400,88.91786193847656,0.06714710203695173,0.4008987545967102,0.17664246261119843,82.86194345387949,3068,results/unified_students/RAFDB_stage1_gate_target_logvar_b070_T6_224_400e_swa200/2026-07-20-01-22-31
RAFDB_stage1_gate_target_logvar_b070_T6_224_400e_swa200,2026-07-20-01-22-31,swa,True,"SWA average over [swa_start, epochs], fixed rule",42,400,200,1.0,vich,,89.89569854736328,0.06973170016976038,0.41419750452041626,0.17257440090179443,83.83560965412792,3068,results/unified_students/RAFDB_stage1_gate_target_logvar_b070_T6_224_400e_swa200/2026-07-20-01-22-31
RAFDB_stage1_gate_target_logvar_b070_T6_224_400e_swa200_seed1,2026-08-07-15-10-33,best,False,argmax val_acc over epochs (PEEKS at eval set),1,400,200,1.0,vich,290,90.02607727050781,0.06893854492102328,0.42002731561660767,0.17369318008422852,83.85340782285448,3068,results/unified_students/RAFDB_stage1_gate_target_logvar_b070_T6_224_400e_swa200_seed1/2026-08-07-15-10-33
RAFDB_stage1_gate_target_logvar_b070_T6_224_400e_swa200_seed1,2026-08-07-15-10-33,last,True,"final epoch, fixed rule",1,400,200,1.0,vich,400,89.53715515136719,0.07086607196029504,0.41563886404037476,0.17576947808265686,84.09540624855116,3068,results/unified_students/RAFDB_stage1_gate_target_logvar_b070_T6_224_400e_swa200_seed1/2026-08-07-15-10-33
RAFDB_stage1_gate_target_logvar_b070_T6_224_400e_swa200_seed1,2026-08-07-15-10-33,swa,True,"SWA average over [swa_start, epochs], fixed rule",1,400,200,1.0,vich,,90.09126281738281,0.06992963673316205,0.41923755407333374,0.1688893884420395,84.75546308467709,3068,results/unified_students/RAFDB_stage1_gate_target_logvar_b070_T6_224_400e_swa200_seed1/2026-08-07-15-10-33
RAFDB_stage1_gate_target_logvar_b070_T6_224_400e_swa200_seed43,2026-08-07-17-31-14,best,False,argmax val_acc over epochs (PEEKS at eval set),43,400,200,1.0,vich,280,89.70013427734375,0.06885854085856341,0.4312680959701538,0.1769041270017624,83.59812622703328,3068,results/unified_students/RAFDB_stage1_gate_target_logvar_b070_T6_224_400e_swa200_seed43/2026-08-07-17-31-14
RAFDB_stage1_gate_target_logvar_b070_T6_224_400e_swa200_seed43,2026-08-07-17-31-14,last,True,"final epoch, fixed rule",43,400,200,1.0,vich,400,89.43937683105469,0.0675525842465198,0.42687156796455383,0.17798908054828644,83.42661483268647,3068,results/unified_students/RAFDB_stage1_gate_target_logvar_b070_T6_224_400e_swa200_seed43/2026-08-07-17-31-14
RAFDB_stage1_gate_target_logvar_b070_T6_224_400e_swa200_seed43,2026-08-07-17-31-14,swa,True,"SWA average over [swa_start, epochs], fixed rule",43,400,200,1.0,vich,,89.73272705078125,0.07136573790143957,0.43468815088272095,0.1756979525089264,84.19904916034197,3068,results/unified_students/RAFDB_stage1_gate_target_logvar_b070_T6_224_400e_swa200_seed43/2026-08-07-17-31-14
RAFDB_stage1_logit_std_b070_T6_224_200e_noSWA,2026-07-19-20-51-29,best,False,argmax val_acc over epochs (PEEKS at eval set),42,200,,1.0,vich,130,88.29856872558594,0.19045080341680418,0.5790428519248962,0.24087627232074738,82.06973207672559,3068,results/unified_students/RAFDB_stage1_logit_std_b070_T6_224_200e_noSWA/2026-07-19-20-51-29
RAFDB_stage1_logit_std_b070_T6_224_200e_noSWA,2026-07-19-20-51-29,last,True,"final epoch, fixed rule",42,200,,1.0,vich,200,86.73402404785156,0.16013034204849208,0.6067065000534058,0.2555723488330841,78.66798796636076,3068,results/unified_students/RAFDB_stage1_logit_std_b070_T6_224_200e_noSWA/2026-07-19-20-51-29
RAFDB_stage1_logit_std_b070_T6_224_400e_swa200,2026-07-18-14-39-16,best,False,argmax val_acc over epochs (PEEKS at eval set),42,400,200,1.0,vich,300,89.30899810791016,0.18361383798924383,0.5639879107475281,0.23153577744960785,83.43809060911018,3068,results/unified_students/RAFDB_stage1_logit_std_b070_T6_224_400e_swa200/2026-07-18-14-39-16
RAFDB_stage1_logit_std_b070_T6_224_400e_swa200,2026-07-18-14-39-16,last,True,"final epoch, fixed rule",42,400,200,1.0,vich,400,88.07040405273438,0.18198118294738574,0.5874031782150269,0.2454429715871811,80.90388088252924,3068,results/unified_students/RAFDB_stage1_logit_std_b070_T6_224_400e_swa200/2026-07-18-14-39-16
RAFDB_stage1_logit_std_b070_T6_224_400e_swa200,2026-07-18-14-39-16,swa,True,"SWA average over [swa_start, epochs], fixed rule",42,400,200,1.0,vich,,89.14602661132812,0.1609352553139454,0.528759777545929,0.21555279195308685,82.72997089281465,3068,results/unified_students/RAFDB_stage1_logit_std_b070_T6_224_400e_swa200/2026-07-18-14-39-16
RAFDB_stage1_logit_std_b070_T6_224_400e_swa200_seed1,2026-07-29-01-24-08,best,False,argmax val_acc over epochs (PEEKS at eval set),1,400,200,1.0,vich,378,89.56975555419922,0.18972504338082,0.5570686459541321,0.22812537848949432,83.59184528381083,3068,results/unified_students/RAFDB_stage1_logit_std_b070_T6_224_400e_swa200_seed1/2026-07-29-01-24-08
RAFDB_stage1_logit_std_b070_T6_224_400e_swa200_seed1,2026-07-29-01-24-08,last,True,"final epoch, fixed rule",1,400,200,1.0,vich,400,88.62451171875,0.17882570430072997,0.5581778287887573,0.22964918613433838,81.91314376118207,3068,results/unified_students/RAFDB_stage1_logit_std_b070_T6_224_400e_swa200_seed1/2026-07-29-01-24-08
RAFDB_stage1_logit_std_b070_T6_224_400e_swa200_seed1,2026-07-29-01-24-08,swa,True,"SWA average over [swa_start, epochs], fixed rule",1,400,200,1.0,vich,,89.56975555419922,0.16481571169533663,0.5284779667854309,0.2141382396221161,83.70413234903371,3068,results/unified_students/RAFDB_stage1_logit_std_b070_T6_224_400e_swa200_seed1/2026-07-29-01-24-08
RAFDB_stage1_logit_std_b070_T6_224_400e_swa200_seed43,2026-07-29-01-24-13,best,False,argmax val_acc over epochs (PEEKS at eval set),43,400,200,1.0,vich,373,89.43937683105469,0.19041710543644164,0.5509748458862305,0.22471612691879272,84.11112008717971,3068,results/unified_students/RAFDB_stage1_logit_std_b070_T6_224_400e_swa200_seed43/2026-07-29-01-24-13
RAFDB_stage1_logit_std_b070_T6_224_400e_swa200_seed43,2026-07-29-01-24-13,last,True,"final epoch, fixed rule",43,400,200,1.0,vich,400,88.72229766845703,0.17649855540465498,0.5623478293418884,0.23179686069488525,82.66456102001904,3068,results/unified_students/RAFDB_stage1_logit_std_b070_T6_224_400e_swa200_seed43/2026-07-29-01-24-13
RAFDB_stage1_logit_std_b070_T6_224_400e_swa200_seed43,2026-07-29-01-24-13,swa,True,"SWA average over [swa_start, epochs], fixed rule",43,400,200,1.0,vich,,89.40678405761719,0.16539789667302035,0.5254492163658142,0.2129855751991272,83.31038076380621,3068,results/unified_students/RAFDB_stage1_logit_std_b070_T6_224_400e_swa200_seed43/2026-07-29-01-24-13
RAFDB_stage1_p6alpha_a010_ts100_b070_T6_224_400e_swa200_seed1,2026-08-03-17-51-50,best,False,argmax val_acc over epochs (PEEKS at eval set),1,400,200,1.0,vich,397,89.86310577392578,0.0694279961064555,0.41295167803764343,0.17555885016918182,83.4894204925027,3068,results/unified_students/RAFDB_stage1_p6alpha_a010_ts100_b070_T6_224_400e_swa200_seed1/2026-08-03-17-51-50
RAFDB_stage1_p6alpha_a010_ts100_b070_T6_224_400e_swa200_seed1,2026-08-03-17-51-50,last,True,"final epoch, fixed rule",1,400,200,1.0,vich,400,89.63494110107422,0.07379126012558421,0.43485110998153687,0.1787901222705841,83.98613999127922,3068,results/unified_students/RAFDB_stage1_p6alpha_a010_ts100_b070_T6_224_400e_swa200_seed1/2026-08-03-17-51-50
RAFDB_stage1_p6alpha_a010_ts100_b070_T6_224_400e_swa200_seed1,2026-08-03-17-51-50,swa,True,"SWA average over [swa_start, epochs], fixed rule",1,400,200,1.0,vich,,89.70013427734375,0.07612977372154575,0.4387025535106659,0.17686130106449127,83.9102412770433,3068,results/unified_students/RAFDB_stage1_p6alpha_a010_ts100_b070_T6_224_400e_swa200_seed1/2026-08-03-17-51-50
RAFDB_stage1_p6alpha_a010_ts100_b070_T6_224_400e_swa200_seed42,2026-08-03-08-25-44,best,False,argmax val_acc over epochs (PEEKS at eval set),42,400,200,1.0,vich,392,90.12386322021484,0.06304968950840142,0.4023430645465851,0.16789180040359497,84.4720452019476,3068,results/unified_students/RAFDB_stage1_p6alpha_a010_ts100_b070_T6_224_400e_swa200_seed42/2026-08-03-08-25-44
RAFDB_stage1_p6alpha_a010_ts100_b070_T6_224_400e_swa200_seed42,2026-08-03-08-25-44,last,True,"final epoch, fixed rule",42,400,200,1.0,vich,400,89.17861938476562,0.06641247473181149,0.4061250686645508,0.17789484560489655,83.32291925650703,3068,results/unified_students/RAFDB_stage1_p6alpha_a010_ts100_b070_T6_224_400e_swa200_seed42/2026-08-03-08-25-44
RAFDB_stage1_p6alpha_a010_ts100_b070_T6_224_400e_swa200_seed42,2026-08-03-08-25-44,swa,True,"SWA average over [swa_start, epochs], fixed rule",42,400,200,1.0,vich,,90.02607727050781,0.07197442092244286,0.42517608404159546,0.1716831475496292,84.66481705481552,3068,results/unified_students/RAFDB_stage1_p6alpha_a010_ts100_b070_T6_224_400e_swa200_seed42/2026-08-03-08-25-44
RAFDB_stage1_p6alpha_a010_ts100_b070_T6_224_400e_swa200_seed43,2026-08-04-03-14-02,best,False,argmax val_acc over epochs (PEEKS at eval set),43,400,200,1.0,vich,390,89.83050537109375,0.06944881853643887,0.42605119943618774,0.17561760544776917,83.88535454699483,3068,results/unified_students/RAFDB_stage1_p6alpha_a010_ts100_b070_T6_224_400e_swa200_seed43/2026-08-04-03-14-02
RAFDB_stage1_p6alpha_a010_ts100_b070_T6_224_400e_swa200_seed43,2026-08-04-03-14-02,last,True,"final epoch, fixed rule",43,400,200,1.0,vich,400,88.95045471191406,0.08097993852534227,0.4500570595264435,0.1884089559316635,82.89444011349336,3068,results/unified_students/RAFDB_stage1_p6alpha_a010_ts100_b070_T6_224_400e_swa200_seed43/2026-08-04-03-14-02
RAFDB_stage1_p6alpha_a010_ts100_b070_T6_224_400e_swa200_seed43,2026-08-04-03-14-02,swa,True,"SWA average over [swa_start, epochs], fixed rule",43,400,200,1.0,vich,,89.50456237792969,0.07598599454453592,0.4428514242172241,0.17766809463500977,83.52837651301168,3068,results/unified_students/RAFDB_stage1_p6alpha_a010_ts100_b070_T6_224_400e_swa200_seed43/2026-08-04-03-14-02
RAFDB_stage1_p6alpha_a010_ts134_b070_T6_224_400e_swa200_seed1,2026-08-03-20-16-02,best,False,argmax val_acc over epochs (PEEKS at eval set),1,400,200,1.3406,vich,150,90.18904876708984,0.033066137226339734,0.3467384874820709,0.15972740948200226,84.77804889056459,3068,results/unified_students/RAFDB_stage1_p6alpha_a010_ts134_b070_T6_224_400e_swa200_seed1/2026-08-03-20-16-02
RAFDB_stage1_p6alpha_a010_ts134_b070_T6_224_400e_swa200_seed1,2026-08-03-20-16-02,last,True,"final epoch, fixed rule",1,400,200,1.3406,vich,400,89.30899810791016,0.046026258864178965,0.3638767898082733,0.17166969180107117,83.77714199867475,3068,results/unified_students/RAFDB_stage1_p6alpha_a010_ts134_b070_T6_224_400e_swa200_seed1/2026-08-03-20-16-02
RAFDB_stage1_p6alpha_a010_ts134_b070_T6_224_400e_swa200_seed1,2026-08-03-20-16-02,swa,True,"SWA average over [swa_start, epochs], fixed rule",1,400,200,1.3406,vich,,89.56975555419922,0.05465319119345256,0.36781296133995056,0.16969826817512512,83.82623067840166,3068,results/unified_students/RAFDB_stage1_p6alpha_a010_ts134_b070_T6_224_400e_swa200_seed1/2026-08-03-20-16-02
RAFDB_stage1_p6alpha_a010_ts134_b070_T6_224_400e_swa200_seed42,2026-08-03-10-49-46,best,False,argmax val_acc over epochs (PEEKS at eval set),42,400,200,1.3406,vich,287,89.83050537109375,0.04070119679731838,0.3587484657764435,0.16465389728546143,83.54636087934973,3068,results/unified_students/RAFDB_stage1_p6alpha_a010_ts134_b070_T6_224_400e_swa200_seed42/2026-08-03-10-49-46
RAFDB_stage1_p6alpha_a010_ts134_b070_T6_224_400e_swa200_seed42,2026-08-03-10-49-46,last,True,"final epoch, fixed rule",42,400,200,1.3406,vich,400,88.88526916503906,0.04196936099011708,0.36587101221084595,0.1714666783809662,82.69890573595283,3068,results/unified_students/RAFDB_stage1_p6alpha_a010_ts134_b070_T6_224_400e_swa200_seed42/2026-08-03-10-49-46
RAFDB_stage1_p6alpha_a010_ts134_b070_T6_224_400e_swa200_seed42,2026-08-03-10-49-46,swa,True,"SWA average over [swa_start, epochs], fixed rule",42,400,200,1.3406,vich,,89.56975555419922,0.05228919175488697,0.3615517318248749,0.16665785014629364,83.14941170450147,3068,results/unified_students/RAFDB_stage1_p6alpha_a010_ts134_b070_T6_224_400e_swa200_seed42/2026-08-03-10-49-46
RAFDB_stage1_p6alpha_a010_ts134_b070_T6_224_400e_swa200_seed43,2026-08-04-05-32-07,best,False,argmax val_acc over epochs (PEEKS at eval set),43,400,200,1.3406,vich,311,89.73272705078125,0.04768295437486107,0.37353065609931946,0.1709492802619934,83.06424394891931,3068,results/unified_students/RAFDB_stage1_p6alpha_a010_ts134_b070_T6_224_400e_swa200_seed43/2026-08-04-05-32-07
RAFDB_stage1_p6alpha_a010_ts134_b070_T6_224_400e_swa200_seed43,2026-08-04-05-32-07,last,True,"final epoch, fixed rule",43,400,200,1.3406,vich,400,88.7548828125,0.04840756577805093,0.37782183289527893,0.1758308708667755,81.99631769062714,3068,results/unified_students/RAFDB_stage1_p6alpha_a010_ts134_b070_T6_224_400e_swa200_seed43/2026-08-04-05-32-07
RAFDB_stage1_p6alpha_a010_ts134_b070_T6_224_400e_swa200_seed43,2026-08-04-05-32-07,swa,True,"SWA average over [swa_start, epochs], fixed rule",43,400,200,1.3406,vich,,89.50456237792969,0.04983191639962066,0.3692505657672882,0.16844442486763,83.09722268712677,3068,results/unified_students/RAFDB_stage1_p6alpha_a010_ts134_b070_T6_224_400e_swa200_seed43/2026-08-04-05-32-07
RAFDB_stage1_p6alpha_a050_ts100_b070_T6_224_400e_swa200_seed1,2026-08-04-21-52-34,best,False,argmax val_acc over epochs (PEEKS at eval set),1,400,200,1.0,vich,283,89.66753387451172,0.06262201368517328,0.3949682414531708,0.1712428480386734,82.93615202760813,3068,results/unified_students/RAFDB_stage1_p6alpha_a050_ts100_b070_T6_224_400e_swa200_seed1/2026-08-04-21-52-34
RAFDB_stage1_p6alpha_a050_ts100_b070_T6_224_400e_swa200_seed1,2026-08-04-21-52-34,last,True,"final epoch, fixed rule",1,400,200,1.0,vich,400,89.14602661132812,0.06607881631347626,0.399495005607605,0.17771577835083008,82.87823829119779,3068,results/unified_students/RAFDB_stage1_p6alpha_a050_ts100_b070_T6_224_400e_swa200_seed1/2026-08-04-21-52-34
RAFDB_stage1_p6alpha_a050_ts100_b070_T6_224_400e_swa200_seed1,2026-08-04-21-52-34,swa,True,"SWA average over [swa_start, epochs], fixed rule",1,400,200,1.0,vich,,89.73272705078125,0.06737293364210575,0.40111345052719116,0.17032499611377716,83.15169831665806,3068,results/unified_students/RAFDB_stage1_p6alpha_a050_ts100_b070_T6_224_400e_swa200_seed1/2026-08-04-21-52-34
RAFDB_stage1_p6alpha_a050_ts100_b070_T6_224_400e_swa200_seed42,2026-08-04-12-32-18,best,False,argmax val_acc over epochs (PEEKS at eval set),42,400,200,1.0,vich,315,89.56975555419922,0.06085443450562957,0.40193963050842285,0.17546164989471436,83.51641848701256,3068,results/unified_students/RAFDB_stage1_p6alpha_a050_ts100_b070_T6_224_400e_swa200_seed42/2026-08-04-12-32-18
RAFDB_stage1_p6alpha_a050_ts100_b070_T6_224_400e_swa200_seed42,2026-08-04-12-32-18,last,True,"final epoch, fixed rule",42,400,200,1.0,vich,400,88.95045471191406,0.05999257237768235,0.3880588114261627,0.1783769130706787,82.93643323109005,3068,results/unified_students/RAFDB_stage1_p6alpha_a050_ts100_b070_T6_224_400e_swa200_seed42/2026-08-04-12-32-18
RAFDB_stage1_p6alpha_a050_ts100_b070_T6_224_400e_swa200_seed42,2026-08-04-12-32-18,swa,True,"SWA average over [swa_start, epochs], fixed rule",42,400,200,1.0,vich,,89.34159088134766,0.07064104917540544,0.40121111273765564,0.17638497054576874,82.82531692885291,3068,results/unified_students/RAFDB_stage1_p6alpha_a050_ts100_b070_T6_224_400e_swa200_seed42/2026-08-04-12-32-18
RAFDB_stage1_p6alpha_a050_ts100_b070_T6_224_400e_swa200_seed43,2026-08-05-07-03-29,best,False,argmax val_acc over epochs (PEEKS at eval set),43,400,200,1.0,vich,327,89.40678405761719,0.059640246602515976,0.39557257294654846,0.17464005947113037,83.25394904147502,3068,results/unified_students/RAFDB_stage1_p6alpha_a050_ts100_b070_T6_224_400e_swa200_seed43/2026-08-05-07-03-29
RAFDB_stage1_p6alpha_a050_ts100_b070_T6_224_400e_swa200_seed43,2026-08-05-07-03-29,last,True,"final epoch, fixed rule",43,400,200,1.0,vich,400,89.0808334350586,0.057880765893235514,0.395318865776062,0.1780506670475006,82.81510815729088,3068,results/unified_students/RAFDB_stage1_p6alpha_a050_ts100_b070_T6_224_400e_swa200_seed43/2026-08-05-07-03-29
RAFDB_stage1_p6alpha_a050_ts100_b070_T6_224_400e_swa200_seed43,2026-08-05-07-03-29,swa,True,"SWA average over [swa_start, epochs], fixed rule",43,400,200,1.0,vich,,89.63494110107422,0.06530023726599468,0.4042277932167053,0.17319202423095703,83.65166347630245,3068,results/unified_students/RAFDB_stage1_p6alpha_a050_ts100_b070_T6_224_400e_swa200_seed43/2026-08-05-07-03-29
RAFDB_stage1_p6alpha_a050_ts134_b070_T6_224_400e_swa200_seed1,2026-08-05-00-10-14,best,False,argmax val_acc over epochs (PEEKS at eval set),1,400,200,1.3406,vich,242,89.79791259765625,0.034930094629720417,0.36179548501968384,0.16341470181941986,84.39848372277446,3068,results/unified_students/RAFDB_stage1_p6alpha_a050_ts134_b070_T6_224_400e_swa200_seed1/2026-08-05-00-10-14
RAFDB_stage1_p6alpha_a050_ts134_b070_T6_224_400e_swa200_seed1,2026-08-05-00-10-14,last,True,"final epoch, fixed rule",1,400,200,1.3406,vich,400,88.95045471191406,0.04394372533205436,0.36395764350891113,0.16843287646770477,83.18870711272965,3068,results/unified_students/RAFDB_stage1_p6alpha_a050_ts134_b070_T6_224_400e_swa200_seed1/2026-08-05-00-10-14
RAFDB_stage1_p6alpha_a050_ts134_b070_T6_224_400e_swa200_seed1,2026-08-05-00-10-14,swa,True,"SWA average over [swa_start, epochs], fixed rule",1,400,200,1.3406,vich,,90.28683471679688,0.030832004525748503,0.3441704511642456,0.15600448846817017,84.68941665159714,3068,results/unified_students/RAFDB_stage1_p6alpha_a050_ts134_b070_T6_224_400e_swa200_seed1/2026-08-05-00-10-14
RAFDB_stage1_p6alpha_a050_ts134_b070_T6_224_400e_swa200_seed42,2026-08-04-14-52-25,best,False,argmax val_acc over epochs (PEEKS at eval set),42,400,200,1.3406,vich,354,89.76531982421875,0.038388746041401425,0.34936463832855225,0.15982945263385773,83.52529389249715,3068,results/unified_students/RAFDB_stage1_p6alpha_a050_ts134_b070_T6_224_400e_swa200_seed42/2026-08-04-14-52-25
RAFDB_stage1_p6alpha_a050_ts134_b070_T6_224_400e_swa200_seed42,2026-08-04-14-52-25,last,True,"final epoch, fixed rule",42,400,200,1.3406,vich,400,88.88526916503906,0.036307225074264496,0.3686703145503998,0.16885590553283691,83.48430713741877,3068,results/unified_students/RAFDB_stage1_p6alpha_a050_ts134_b070_T6_224_400e_swa200_seed42/2026-08-04-14-52-25
RAFDB_stage1_p6alpha_a050_ts134_b070_T6_224_400e_swa200_seed42,2026-08-04-14-52-25,swa,True,"SWA average over [swa_start, epochs], fixed rule",42,400,200,1.3406,vich,,89.79791259765625,0.03623559178281794,0.3483322560787201,0.16105642914772034,83.94260089219583,3068,results/unified_students/RAFDB_stage1_p6alpha_a050_ts134_b070_T6_224_400e_swa200_seed42/2026-08-04-14-52-25
RAFDB_stage1_p6alpha_a050_ts134_b070_T6_224_400e_swa200_seed43,2026-08-05-09-21-11,best,False,argmax val_acc over epochs (PEEKS at eval set),43,400,200,1.3406,vich,328,89.50456237792969,0.042668637378818826,0.3599335849285126,0.16495729982852936,83.77620159807341,3068,results/unified_students/RAFDB_stage1_p6alpha_a050_ts134_b070_T6_224_400e_swa200_seed43/2026-08-05-09-21-11
RAFDB_stage1_p6alpha_a050_ts134_b070_T6_224_400e_swa200_seed43,2026-08-05-09-21-11,last,True,"final epoch, fixed rule",43,400,200,1.3406,vich,400,88.82007598876953,0.04773617903744459,0.37760600447654724,0.1729779690504074,82.48289881274691,3068,results/unified_students/RAFDB_stage1_p6alpha_a050_ts134_b070_T6_224_400e_swa200_seed43/2026-08-05-09-21-11
RAFDB_stage1_p6alpha_a050_ts134_b070_T6_224_400e_swa200_seed43,2026-08-05-09-21-11,swa,True,"SWA average over [swa_start, epochs], fixed rule",43,400,200,1.3406,vich,,89.50456237792969,0.0382012928237427,0.3594819903373718,0.166114941239357,83.34132955011258,3068,results/unified_students/RAFDB_stage1_p6alpha_a050_ts134_b070_T6_224_400e_swa200_seed43/2026-08-05-09-21-11
RAFDB_stage1_p6alpha_a070_ts100_b070_T6_224_400e_swa200_seed1,2026-08-05-02-28-14,best,False,argmax val_acc over epochs (PEEKS at eval set),1,400,200,1.0,vich,337,89.43937683105469,0.03083324934097281,0.37349098920822144,0.1699339896440506,83.88384733318631,3068,results/unified_students/RAFDB_stage1_p6alpha_a070_ts100_b070_T6_224_400e_swa200_seed1/2026-08-05-02-28-14
RAFDB_stage1_p6alpha_a070_ts100_b070_T6_224_400e_swa200_seed1,2026-08-05-02-28-14,last,True,"final epoch, fixed rule",1,400,200,1.0,vich,400,88.95045471191406,0.03761769920548684,0.3779676854610443,0.17358362674713135,82.95506229428119,3068,results/unified_students/RAFDB_stage1_p6alpha_a070_ts100_b070_T6_224_400e_swa200_seed1/2026-08-05-02-28-14
RAFDB_stage1_p6alpha_a070_ts100_b070_T6_224_400e_swa200_seed1,2026-08-05-02-28-14,swa,True,"SWA average over [swa_start, epochs], fixed rule",1,400,200,1.0,vich,,89.43937683105469,0.055530232587413964,0.38516825437545776,0.17443858087062836,83.49801703096269,3068,results/unified_students/RAFDB_stage1_p6alpha_a070_ts100_b070_T6_224_400e_swa200_seed1/2026-08-05-02-28-14
RAFDB_stage1_p6alpha_a070_ts100_b070_T6_224_400e_swa200_seed42,2026-08-04-17-13-27,best,False,argmax val_acc over epochs (PEEKS at eval set),42,400,200,1.0,vich,314,89.53715515136719,0.029839187078517918,0.3677160441875458,0.16802889108657837,83.81350701313727,3068,results/unified_students/RAFDB_stage1_p6alpha_a070_ts100_b070_T6_224_400e_swa200_seed42/2026-08-04-17-13-27
RAFDB_stage1_p6alpha_a070_ts100_b070_T6_224_400e_swa200_seed42,2026-08-04-17-13-27,last,True,"final epoch, fixed rule",42,400,200,1.0,vich,400,88.78748321533203,0.03842754587239672,0.36939018964767456,0.170461967587471,82.55728447154438,3068,results/unified_students/RAFDB_stage1_p6alpha_a070_ts100_b070_T6_224_400e_swa200_seed42/2026-08-04-17-13-27
RAFDB_stage1_p6alpha_a070_ts100_b070_T6_224_400e_swa200_seed42,2026-08-04-17-13-27,swa,True,"SWA average over [swa_start, epochs], fixed rule",42,400,200,1.0,vich,,89.37418365478516,0.0470491041571407,0.3599576950073242,0.16367195546627045,83.0946291717912,3068,results/unified_students/RAFDB_stage1_p6alpha_a070_ts100_b070_T6_224_400e_swa200_seed42/2026-08-04-17-13-27
RAFDB_stage1_p6alpha_a070_ts100_b070_T6_224_400e_swa200_seed43,2026-08-05-11-40-18,best,False,argmax val_acc over epochs (PEEKS at eval set),43,400,200,1.0,vich,334,89.0808334350586,0.03752752229804476,0.38329440355300903,0.17469047009944916,82.7760466434437,3068,results/unified_students/RAFDB_stage1_p6alpha_a070_ts100_b070_T6_224_400e_swa200_seed43/2026-08-05-11-40-18
RAFDB_stage1_p6alpha_a070_ts100_b070_T6_224_400e_swa200_seed43,2026-08-05-11-40-18,last,True,"final epoch, fixed rule",43,400,200,1.0,vich,400,88.49413299560547,0.04081304825968662,0.40459710359573364,0.18568457663059235,82.13409646158932,3068,results/unified_students/RAFDB_stage1_p6alpha_a070_ts100_b070_T6_224_400e_swa200_seed43/2026-08-05-11-40-18
RAFDB_stage1_p6alpha_a070_ts100_b070_T6_224_400e_swa200_seed43,2026-08-05-11-40-18,swa,True,"SWA average over [swa_start, epochs], fixed rule",43,400,200,1.0,vich,,89.0156478881836,0.05248037093310499,0.3833330571651459,0.17292198538780212,82.76719604829763,3068,results/unified_students/RAFDB_stage1_p6alpha_a070_ts100_b070_T6_224_400e_swa200_seed43/2026-08-05-11-40-18
RAFDB_stage1_p6alpha_a070_ts134_b070_T6_224_400e_swa200_seed1,2026-08-05-04-46-02,best,False,argmax val_acc over epochs (PEEKS at eval set),1,400,200,1.3406,vich,245,89.0808334350586,0.05038907963690266,0.4028145968914032,0.17373108863830566,83.15525688160301,3068,results/unified_students/RAFDB_stage1_p6alpha_a070_ts134_b070_T6_224_400e_swa200_seed1/2026-08-05-04-46-02
RAFDB_stage1_p6alpha_a070_ts134_b070_T6_224_400e_swa200_seed1,2026-08-05-04-46-02,last,True,"final epoch, fixed rule",1,400,200,1.3406,vich,400,88.29856872558594,0.05118585679063274,0.4280720055103302,0.18743076920509338,81.76367386631101,3068,results/unified_students/RAFDB_stage1_p6alpha_a070_ts134_b070_T6_224_400e_swa200_seed1/2026-08-05-04-46-02
RAFDB_stage1_p6alpha_a070_ts134_b070_T6_224_400e_swa200_seed1,2026-08-05-04-46-02,swa,True,"SWA average over [swa_start, epochs], fixed rule",1,400,200,1.3406,vich,,89.0482406616211,0.05527326935778385,0.3957260847091675,0.17207597196102142,82.8803092797359,3068,results/unified_students/RAFDB_stage1_p6alpha_a070_ts134_b070_T6_224_400e_swa200_seed1/2026-08-05-04-46-02
RAFDB_stage1_p6alpha_a070_ts134_b070_T6_224_400e_swa200_seed42,2026-08-04-19-31-20,best,False,argmax val_acc over epochs (PEEKS at eval set),42,400,200,1.3406,vich,278,89.76531982421875,0.06051855397348765,0.3980259597301483,0.1681121438741684,83.46524022537167,3068,results/unified_students/RAFDB_stage1_p6alpha_a070_ts134_b070_T6_224_400e_swa200_seed42/2026-08-04-19-31-20
RAFDB_stage1_p6alpha_a070_ts134_b070_T6_224_400e_swa200_seed42,2026-08-04-19-31-20,last,True,"final epoch, fixed rule",42,400,200,1.3406,vich,400,88.00521850585938,0.0642574724912488,0.42829519510269165,0.18649564683437347,81.43838115639778,3068,results/unified_students/RAFDB_stage1_p6alpha_a070_ts134_b070_T6_224_400e_swa200_seed42/2026-08-04-19-31-20
RAFDB_stage1_p6alpha_a070_ts134_b070_T6_224_400e_swa200_seed42,2026-08-04-19-31-20,swa,True,"SWA average over [swa_start, epochs], fixed rule",42,400,200,1.3406,vich,,89.83050537109375,0.054125272844963,0.3861435651779175,0.16637183725833893,83.63348594458284,3068,results/unified_students/RAFDB_stage1_p6alpha_a070_ts134_b070_T6_224_400e_swa200_seed42/2026-08-04-19-31-20
RAFDB_stage1_p6alpha_a070_ts134_b070_T6_224_400e_swa200_seed43,2026-08-05-13-58-48,best,False,argmax val_acc over epochs (PEEKS at eval set),43,400,200,1.3406,vich,277,89.34159088134766,0.055239014599516,0.4113040864467621,0.17655476927757263,83.05449614053985,3068,results/unified_students/RAFDB_stage1_p6alpha_a070_ts134_b070_T6_224_400e_swa200_seed43/2026-08-05-13-58-48
RAFDB_stage1_p6alpha_a070_ts134_b070_T6_224_400e_swa200_seed43,2026-08-05-13-58-48,last,True,"final epoch, fixed rule",43,400,200,1.3406,vich,400,88.559326171875,0.05735829717332723,0.42813265323638916,0.18356654047966003,81.82758060956243,3068,results/unified_students/RAFDB_stage1_p6alpha_a070_ts134_b070_T6_224_400e_swa200_seed43/2026-08-05-13-58-48
RAFDB_stage1_p6alpha_a070_ts134_b070_T6_224_400e_swa200_seed43,2026-08-05-13-58-48,swa,True,"SWA average over [swa_start, epochs], fixed rule",43,400,200,1.3406,vich,,88.9830551147461,0.05317880976289472,0.3924287259578705,0.17151010036468506,82.79090236015622,3068,results/unified_students/RAFDB_stage1_p6alpha_a070_ts134_b070_T6_224_400e_swa200_seed43/2026-08-05-13-58-48
RAFDB_stage1_p6alpha_a090_ts100_b070_T6_224_400e_swa200_seed1,2026-08-03-22-34-42,best,False,argmax val_acc over epochs (PEEKS at eval set),1,400,200,1.0,vich,394,88.62451171875,0.07920022398194557,0.489812970161438,0.20219823718070984,81.56018875153961,3068,results/unified_students/RAFDB_stage1_p6alpha_a090_ts100_b070_T6_224_400e_swa200_seed1/2026-08-03-22-34-42
RAFDB_stage1_p6alpha_a090_ts100_b070_T6_224_400e_swa200_seed1,2026-08-03-22-34-42,last,True,"final epoch, fixed rule",1,400,200,1.0,vich,400,87.48370361328125,0.08050570444651968,0.5079668760299683,0.21167589724063873,80.82619841314552,3068,results/unified_students/RAFDB_stage1_p6alpha_a090_ts100_b070_T6_224_400e_swa200_seed1/2026-08-03-22-34-42
RAFDB_stage1_p6alpha_a090_ts100_b070_T6_224_400e_swa200_seed1,2026-08-03-22-34-42,swa,True,"SWA average over [swa_start, epochs], fixed rule",1,400,200,1.0,vich,,88.16818237304688,0.0635037732345806,0.48860129714012146,0.2018485963344574,81.3231737649828,3068,results/unified_students/RAFDB_stage1_p6alpha_a090_ts100_b070_T6_224_400e_swa200_seed1/2026-08-03-22-34-42
RAFDB_stage1_p6alpha_a090_ts100_b070_T6_224_400e_swa200_seed42,2026-08-03-13-10-13,best,False,argmax val_acc over epochs (PEEKS at eval set),42,400,200,1.0,vich,225,88.46153259277344,0.08541822203251653,0.4920400083065033,0.2004929929971695,82.12614958024166,3068,results/unified_students/RAFDB_stage1_p6alpha_a090_ts100_b070_T6_224_400e_swa200_seed42/2026-08-03-13-10-13
RAFDB_stage1_p6alpha_a090_ts100_b070_T6_224_400e_swa200_seed42,2026-08-03-13-10-13,last,True,"final epoch, fixed rule",42,400,200,1.0,vich,400,87.45110321044922,0.08247175247856504,0.52454674243927,0.22047942876815796,81.35507419004334,3068,results/unified_students/RAFDB_stage1_p6alpha_a090_ts100_b070_T6_224_400e_swa200_seed42/2026-08-03-13-10-13
RAFDB_stage1_p6alpha_a090_ts100_b070_T6_224_400e_swa200_seed42,2026-08-03-13-10-13,swa,True,"SWA average over [swa_start, epochs], fixed rule",42,400,200,1.0,vich,,88.62451171875,0.07721995167929625,0.4756692945957184,0.19435065984725952,82.3831758418733,3068,results/unified_students/RAFDB_stage1_p6alpha_a090_ts100_b070_T6_224_400e_swa200_seed42/2026-08-03-13-10-13
RAFDB_stage1_p6alpha_a090_ts100_b070_T6_224_400e_swa200_seed43,2026-08-04-07-49-43,best,False,argmax val_acc over epochs (PEEKS at eval set),43,400,200,1.0,vich,305,88.559326171875,0.09246773440803667,0.503522515296936,0.20526549220085144,82.3634875626241,3068,results/unified_students/RAFDB_stage1_p6alpha_a090_ts100_b070_T6_224_400e_swa200_seed43/2026-08-04-07-49-43
RAFDB_stage1_p6alpha_a090_ts100_b070_T6_224_400e_swa200_seed43,2026-08-04-07-49-43,last,True,"final epoch, fixed rule",43,400,200,1.0,vich,400,87.58148193359375,0.09223110365743277,0.5124659538269043,0.21241581439971924,81.32938319485156,3068,results/unified_students/RAFDB_stage1_p6alpha_a090_ts100_b070_T6_224_400e_swa200_seed43/2026-08-04-07-49-43
RAFDB_stage1_p6alpha_a090_ts100_b070_T6_224_400e_swa200_seed43,2026-08-04-07-49-43,swa,True,"SWA average over [swa_start, epochs], fixed rule",43,400,200,1.0,vich,,89.21121215820312,0.0682390294434816,0.4733659625053406,0.19190379977226257,83.02788376573173,3068,results/unified_students/RAFDB_stage1_p6alpha_a090_ts100_b070_T6_224_400e_swa200_seed43/2026-08-04-07-49-43
RAFDB_stage1_p6alpha_a090_ts134_b070_T6_224_400e_swa200_seed1,2026-08-04-00-54-24,best,False,argmax val_acc over epochs (PEEKS at eval set),1,400,200,1.3406,vich,234,88.33116149902344,0.11146316930865371,0.5437875986099243,0.22066999971866608,81.66234948353623,3068,results/unified_students/RAFDB_stage1_p6alpha_a090_ts134_b070_T6_224_400e_swa200_seed1/2026-08-04-00-54-24
RAFDB_stage1_p6alpha_a090_ts134_b070_T6_224_400e_swa200_seed1,2026-08-04-00-54-24,last,True,"final epoch, fixed rule",1,400,200,1.3406,vich,400,87.19035339355469,0.10410373828906902,0.5573700070381165,0.22953616082668304,80.44184998403742,3068,results/unified_students/RAFDB_stage1_p6alpha_a090_ts134_b070_T6_224_400e_swa200_seed1/2026-08-04-00-54-24
RAFDB_stage1_p6alpha_a090_ts134_b070_T6_224_400e_swa200_seed1,2026-08-04-00-54-24,swa,True,"SWA average over [swa_start, epochs], fixed rule",1,400,200,1.3406,vich,,88.62451171875,0.10316176535719533,0.5176509022712708,0.20753900706768036,82.47009843758933,3068,results/unified_students/RAFDB_stage1_p6alpha_a090_ts134_b070_T6_224_400e_swa200_seed1/2026-08-04-00-54-24
RAFDB_stage1_p6alpha_a090_ts134_b070_T6_224_400e_swa200_seed42,2026-08-03-15-30-01,best,False,argmax val_acc over epochs (PEEKS at eval set),42,400,200,1.3406,vich,150,88.2007827758789,0.136785578648068,0.5314964652061462,0.21782240271568298,80.91692002014291,3068,results/unified_students/RAFDB_stage1_p6alpha_a090_ts134_b070_T6_224_400e_swa200_seed42/2026-08-03-15-30-01
RAFDB_stage1_p6alpha_a090_ts134_b070_T6_224_400e_swa200_seed42,2026-08-03-15-30-01,last,True,"final epoch, fixed rule",42,400,200,1.3406,vich,400,87.28813171386719,0.13618912106814565,0.5535971522331238,0.22933225333690643,80.31520729342198,3068,results/unified_students/RAFDB_stage1_p6alpha_a090_ts134_b070_T6_224_400e_swa200_seed42/2026-08-03-15-30-01
RAFDB_stage1_p6alpha_a090_ts134_b070_T6_224_400e_swa200_seed42,2026-08-03-15-30-01,swa,True,"SWA average over [swa_start, epochs], fixed rule",42,400,200,1.3406,vich,,88.16818237304688,0.10795108585422944,0.5134505033493042,0.20900140702724457,81.39889830065275,3068,results/unified_students/RAFDB_stage1_p6alpha_a090_ts134_b070_T6_224_400e_swa200_seed42/2026-08-03-15-30-01
RAFDB_stage1_p6alpha_a090_ts134_b070_T6_224_400e_swa200_seed43,2026-08-04-10-12-05,best,False,argmax val_acc over epochs (PEEKS at eval set),43,400,200,1.3406,vich,306,87.90743255615234,0.12060141348737782,0.5494428873062134,0.22378647327423096,81.57601135303132,3068,results/unified_students/RAFDB_stage1_p6alpha_a090_ts134_b070_T6_224_400e_swa200_seed43/2026-08-04-10-12-05
RAFDB_stage1_p6alpha_a090_ts134_b070_T6_224_400e_swa200_seed43,2026-08-04-10-12-05,last,True,"final epoch, fixed rule",43,400,200,1.3406,vich,400,87.35332489013672,0.12809827111690575,0.5488770008087158,0.22637706995010376,80.52468589561657,3068,results/unified_students/RAFDB_stage1_p6alpha_a090_ts134_b070_T6_224_400e_swa200_seed43/2026-08-04-10-12-05
RAFDB_stage1_p6alpha_a090_ts134_b070_T6_224_400e_swa200_seed43,2026-08-04-10-12-05,swa,True,"SWA average over [swa_start, epochs], fixed rule",43,400,200,1.3406,vich,,88.39634704589844,0.1033669023384793,0.5178752541542053,0.20951108634471893,82.29713009927806,3068,results/unified_students/RAFDB_stage1_p6alpha_a090_ts134_b070_T6_224_400e_swa200_seed43/2026-08-04-10-12-05
RAFDB_stage1_p6tau_T03_ts085_b070_224_400e_swa200_seed1,2026-08-02-06-34-38,best,False,argmax val_acc over epochs (PEEKS at eval set),1,400,200,0.85,vich,377,89.21121215820312,0.07837950156557202,0.48885679244995117,0.18755502998828888,83.57752643750025,3068,results/unified_students/RAFDB_stage1_p6tau_T03_ts085_b070_224_400e_swa200_seed1/2026-08-02-06-34-38
RAFDB_stage1_p6tau_T03_ts085_b070_224_400e_swa200_seed1,2026-08-02-06-34-38,last,True,"final epoch, fixed rule",1,400,200,0.85,vich,400,88.62451171875,0.08191755480063785,0.47854024171829224,0.19144468009471893,81.9597980524549,3068,results/unified_students/RAFDB_stage1_p6tau_T03_ts085_b070_224_400e_swa200_seed1/2026-08-02-06-34-38
RAFDB_stage1_p6tau_T03_ts085_b070_224_400e_swa200_seed1,2026-08-02-06-34-38,swa,True,"SWA average over [swa_start, epochs], fixed rule",1,400,200,0.85,vich,,89.43937683105469,0.08167021259704345,0.4979870021343231,0.184519425034523,83.59587251665333,3068,results/unified_students/RAFDB_stage1_p6tau_T03_ts085_b070_224_400e_swa200_seed1/2026-08-02-06-34-38
RAFDB_stage1_p6tau_T03_ts085_b070_224_400e_swa200_seed42,2026-08-02-04-15-24,best,False,argmax val_acc over epochs (PEEKS at eval set),42,400,200,0.85,vich,360,89.66753387451172,0.06974659526946492,0.4418586492538452,0.17628264427185059,83.75064259485323,3068,results/unified_students/RAFDB_stage1_p6tau_T03_ts085_b070_224_400e_swa200_seed42/2026-08-02-04-15-24
RAFDB_stage1_p6tau_T03_ts085_b070_224_400e_swa200_seed42,2026-08-02-04-15-24,last,True,"final epoch, fixed rule",42,400,200,0.85,vich,400,88.82007598876953,0.07508918168958194,0.4515400826931,0.1872933804988861,83.36205338956847,3068,results/unified_students/RAFDB_stage1_p6tau_T03_ts085_b070_224_400e_swa200_seed42/2026-08-02-04-15-24
RAFDB_stage1_p6tau_T03_ts085_b070_224_400e_swa200_seed42,2026-08-02-04-15-24,swa,True,"SWA average over [swa_start, epochs], fixed rule",42,400,200,0.85,vich,,89.24380493164062,0.0812678815119425,0.47783973813056946,0.182338148355484,82.96370324833713,3068,results/unified_students/RAFDB_stage1_p6tau_T03_ts085_b070_224_400e_swa200_seed42/2026-08-02-04-15-24
RAFDB_stage1_p6tau_T03_ts085_b070_224_400e_swa200_seed43,2026-08-02-08-53-43,best,False,argmax val_acc over epochs (PEEKS at eval set),43,400,200,0.85,vich,311,89.63494110107422,0.07580764037028752,0.47435083985328674,0.18184463679790497,82.82231886462968,3068,results/unified_students/RAFDB_stage1_p6tau_T03_ts085_b070_224_400e_swa200_seed43/2026-08-02-08-53-43
RAFDB_stage1_p6tau_T03_ts085_b070_224_400e_swa200_seed43,2026-08-02-08-53-43,last,True,"final epoch, fixed rule",43,400,200,0.85,vich,400,89.0482406616211,0.07762645806684954,0.4700005054473877,0.18693140149116516,82.52548425537678,3068,results/unified_students/RAFDB_stage1_p6tau_T03_ts085_b070_224_400e_swa200_seed43/2026-08-02-08-53-43
RAFDB_stage1_p6tau_T03_ts085_b070_224_400e_swa200_seed43,2026-08-02-08-53-43,swa,True,"SWA average over [swa_start, epochs], fixed rule",43,400,200,0.85,vich,,89.60234832763672,0.07854351260477126,0.4907051622867584,0.18219467997550964,83.41879222754915,3068,results/unified_students/RAFDB_stage1_p6tau_T03_ts085_b070_224_400e_swa200_seed43/2026-08-02-08-53-43
RAFDB_stage1_p6tau_T03_ts134_b070_224_400e_swa200_seed1,2026-08-02-13-31-17,best,False,argmax val_acc over epochs (PEEKS at eval set),1,400,200,1.3406,vich,357,89.50456237792969,0.044565832783920976,0.3642377555370331,0.16712850332260132,83.399546603802,3068,results/unified_students/RAFDB_stage1_p6tau_T03_ts134_b070_224_400e_swa200_seed1/2026-08-02-13-31-17
RAFDB_stage1_p6tau_T03_ts134_b070_224_400e_swa200_seed1,2026-08-02-13-31-17,last,True,"final epoch, fixed rule",1,400,200,1.3406,vich,400,88.82007598876953,0.0431869682385993,0.36443081498146057,0.1729881912469864,82.44807141011427,3068,results/unified_students/RAFDB_stage1_p6tau_T03_ts134_b070_224_400e_swa200_seed1/2026-08-02-13-31-17
RAFDB_stage1_p6tau_T03_ts134_b070_224_400e_swa200_seed1,2026-08-02-13-31-17,swa,True,"SWA average over [swa_start, epochs], fixed rule",1,400,200,1.3406,vich,,89.17861938476562,0.049905447918324304,0.36230531334877014,0.17013700306415558,82.81103733611589,3068,results/unified_students/RAFDB_stage1_p6tau_T03_ts134_b070_224_400e_swa200_seed1/2026-08-02-13-31-17
RAFDB_stage1_p6tau_T03_ts134_b070_224_400e_swa200_seed42,2026-08-02-11-12-32,best,False,argmax val_acc over epochs (PEEKS at eval set),42,400,200,1.3406,vich,386,89.86310577392578,0.03278949926698379,0.3492864668369293,0.16261735558509827,84.76928224977488,3068,results/unified_students/RAFDB_stage1_p6tau_T03_ts134_b070_224_400e_swa200_seed42/2026-08-02-11-12-32
RAFDB_stage1_p6tau_T03_ts134_b070_224_400e_swa200_seed42,2026-08-02-11-12-32,last,True,"final epoch, fixed rule",42,400,200,1.3406,vich,400,89.27640533447266,0.03385924608137026,0.3664434552192688,0.17037951946258545,84.08018317563344,3068,results/unified_students/RAFDB_stage1_p6tau_T03_ts134_b070_224_400e_swa200_seed42/2026-08-02-11-12-32
RAFDB_stage1_p6tau_T03_ts134_b070_224_400e_swa200_seed42,2026-08-02-11-12-32,swa,True,"SWA average over [swa_start, epochs], fixed rule",42,400,200,1.3406,vich,,90.25423431396484,0.03968650573740727,0.3476176857948303,0.15896502137184143,85.32038104817741,3068,results/unified_students/RAFDB_stage1_p6tau_T03_ts134_b070_224_400e_swa200_seed42/2026-08-02-11-12-32
RAFDB_stage1_p6tau_T03_ts134_b070_224_400e_swa200_seed43,2026-08-02-15-54-25,best,False,argmax val_acc over epochs (PEEKS at eval set),43,400,200,1.3406,vich,324,89.66753387451172,0.02950745938051943,0.35591715574264526,0.16364070773124695,83.17840145535618,3068,results/unified_students/RAFDB_stage1_p6tau_T03_ts134_b070_224_400e_swa200_seed43/2026-08-02-15-54-25
RAFDB_stage1_p6tau_T03_ts134_b070_224_400e_swa200_seed43,2026-08-02-15-54-25,last,True,"final epoch, fixed rule",43,400,200,1.3406,vich,400,88.72229766845703,0.03976456478063255,0.3777289092540741,0.1739332228899002,81.92633947936208,3068,results/unified_students/RAFDB_stage1_p6tau_T03_ts134_b070_224_400e_swa200_seed43/2026-08-02-15-54-25
RAFDB_stage1_p6tau_T03_ts134_b070_224_400e_swa200_seed43,2026-08-02-15-54-25,swa,True,"SWA average over [swa_start, epochs], fixed rule",43,400,200,1.3406,vich,,89.73272705078125,0.04561901582111125,0.360061377286911,0.16627709567546844,83.5513372312093,3068,results/unified_students/RAFDB_stage1_p6tau_T03_ts134_b070_224_400e_swa200_seed43/2026-08-02-15-54-25
RAFDB_stage1_p6tau_T03_ts170_b070_224_400e_swa200_seed1,2026-08-01-16-43-13,best,False,argmax val_acc over epochs (PEEKS at eval set),1,400,200,1.7,vich,145,89.60234832763672,0.04275180374161672,0.3699508011341095,0.16518715023994446,83.85290723212383,3068,results/unified_students/RAFDB_stage1_p6tau_T03_ts170_b070_224_400e_swa200_seed1/2026-08-01-16-43-13
RAFDB_stage1_p6tau_T03_ts170_b070_224_400e_swa200_seed1,2026-08-01-16-43-13,last,True,"final epoch, fixed rule",1,400,200,1.7,vich,400,88.82007598876953,0.047767628601119605,0.3801048994064331,0.17145226895809174,83.34981591929493,3068,results/unified_students/RAFDB_stage1_p6tau_T03_ts170_b070_224_400e_swa200_seed1/2026-08-01-16-43-13
RAFDB_stage1_p6tau_T03_ts170_b070_224_400e_swa200_seed1,2026-08-01-16-43-13,swa,True,"SWA average over [swa_start, epochs], fixed rule",1,400,200,1.7,vich,,89.60234832763672,0.04024069890321622,0.3638516962528229,0.16334018111228943,83.71617073159516,3068,results/unified_students/RAFDB_stage1_p6tau_T03_ts170_b070_224_400e_swa200_seed1/2026-08-01-16-43-13
RAFDB_stage1_p6tau_T03_ts170_b070_224_400e_swa200_seed42,2026-08-01-14-23-45,best,False,argmax val_acc over epochs (PEEKS at eval set),42,400,200,1.7,vich,370,89.83050537109375,0.04384624719075771,0.3585645854473114,0.16041943430900574,84.15830486710256,3068,results/unified_students/RAFDB_stage1_p6tau_T03_ts170_b070_224_400e_swa200_seed42/2026-08-01-14-23-45
RAFDB_stage1_p6tau_T03_ts170_b070_224_400e_swa200_seed42,2026-08-01-14-23-45,last,True,"final epoch, fixed rule",42,400,200,1.7,vich,400,88.559326171875,0.061253274231177726,0.38839825987815857,0.1719186007976532,82.3510696414463,3068,results/unified_students/RAFDB_stage1_p6tau_T03_ts170_b070_224_400e_swa200_seed42/2026-08-01-14-23-45
RAFDB_stage1_p6tau_T03_ts170_b070_224_400e_swa200_seed42,2026-08-01-14-23-45,swa,True,"SWA average over [swa_start, epochs], fixed rule",42,400,200,1.7,vich,,89.83050537109375,0.042660581746965534,0.34990194439888,0.15707913041114807,84.03157490569549,3068,results/unified_students/RAFDB_stage1_p6tau_T03_ts170_b070_224_400e_swa200_seed42/2026-08-01-14-23-45
RAFDB_stage1_p6tau_T03_ts170_b070_224_400e_swa200_seed43,2026-08-01-19-01-46,best,False,argmax val_acc over epochs (PEEKS at eval set),43,400,200,1.7,vich,337,89.50456237792969,0.04914208972702747,0.38911309838294983,0.16924959421157837,83.93747695843267,3068,results/unified_students/RAFDB_stage1_p6tau_T03_ts170_b070_224_400e_swa200_seed43/2026-08-01-19-01-46
RAFDB_stage1_p6tau_T03_ts170_b070_224_400e_swa200_seed43,2026-08-01-19-01-46,last,True,"final epoch, fixed rule",43,400,200,1.7,vich,400,88.91786193847656,0.05484560807144471,0.3838421106338501,0.17063547670841217,82.74126239384684,3068,results/unified_students/RAFDB_stage1_p6tau_T03_ts170_b070_224_400e_swa200_seed43/2026-08-01-19-01-46
RAFDB_stage1_p6tau_T03_ts170_b070_224_400e_swa200_seed43,2026-08-01-19-01-46,swa,True,"SWA average over [swa_start, epochs], fixed rule",43,400,200,1.7,vich,,89.47196960449219,0.03872570604319056,0.3658227324485779,0.163657084107399,83.73432620499453,3068,results/unified_students/RAFDB_stage1_p6tau_T03_ts170_b070_224_400e_swa200_seed43/2026-08-01-19-01-46
RAFDB_stage1_p6tau_T12_ts085_b070_224_400e_swa200_seed1,2026-08-01-23-37-46,best,False,argmax val_acc over epochs (PEEKS at eval set),1,400,200,0.85,vich,394,90.22164154052734,0.06953913292020676,0.43624642491340637,0.1684761494398117,84.31420870269098,3068,results/unified_students/RAFDB_stage1_p6tau_T12_ts085_b070_224_400e_swa200_seed1/2026-08-01-23-37-46
RAFDB_stage1_p6tau_T12_ts085_b070_224_400e_swa200_seed1,2026-08-01-23-37-46,last,True,"final epoch, fixed rule",1,400,200,0.85,vich,400,89.53715515136719,0.07457964468596812,0.4493487477302551,0.17849095165729523,83.99371771076763,3068,results/unified_students/RAFDB_stage1_p6tau_T12_ts085_b070_224_400e_swa200_seed1/2026-08-01-23-37-46
RAFDB_stage1_p6tau_T12_ts085_b070_224_400e_swa200_seed1,2026-08-01-23-37-46,swa,True,"SWA average over [swa_start, epochs], fixed rule",1,400,200,0.85,vich,,90.18904876708984,0.07619926461651241,0.460904598236084,0.17114576697349548,84.49533334222562,3068,results/unified_students/RAFDB_stage1_p6tau_T12_ts085_b070_224_400e_swa200_seed1/2026-08-01-23-37-46
RAFDB_stage1_p6tau_T12_ts085_b070_224_400e_swa200_seed42,2026-08-01-21-19-48,best,False,argmax val_acc over epochs (PEEKS at eval set),42,400,200,0.85,vich,261,89.73272705078125,0.07144658016878747,0.4388374388217926,0.1776295006275177,82.9672393290558,3068,results/unified_students/RAFDB_stage1_p6tau_T12_ts085_b070_224_400e_swa200_seed42/2026-08-01-21-19-48
RAFDB_stage1_p6tau_T12_ts085_b070_224_400e_swa200_seed42,2026-08-01-21-19-48,last,True,"final epoch, fixed rule",42,400,200,0.85,vich,400,89.47196960449219,0.07044482882944514,0.4338361322879791,0.18020670115947723,83.27406688847968,3068,results/unified_students/RAFDB_stage1_p6tau_T12_ts085_b070_224_400e_swa200_seed42/2026-08-01-21-19-48
RAFDB_stage1_p6tau_T12_ts085_b070_224_400e_swa200_seed42,2026-08-01-21-19-48,swa,True,"SWA average over [swa_start, epochs], fixed rule",42,400,200,0.85,vich,,89.50456237792969,0.08062705254811196,0.4829511046409607,0.18029169738292694,82.78112975454226,3068,results/unified_students/RAFDB_stage1_p6tau_T12_ts085_b070_224_400e_swa200_seed42/2026-08-01-21-19-48
RAFDB_stage1_p6tau_T12_ts085_b070_224_400e_swa200_seed43,2026-08-02-01-56-17,best,False,argmax val_acc over epochs (PEEKS at eval set),43,400,200,0.85,vich,283,89.99348449707031,0.0720856565365269,0.4499945044517517,0.1726120412349701,84.59111740935444,3068,results/unified_students/RAFDB_stage1_p6tau_T12_ts085_b070_224_400e_swa200_seed43/2026-08-02-01-56-17
RAFDB_stage1_p6tau_T12_ts085_b070_224_400e_swa200_seed43,2026-08-02-01-56-17,last,True,"final epoch, fixed rule",43,400,200,0.85,vich,400,89.47196960449219,0.07562326585006994,0.4487529397010803,0.1782476305961609,83.46437741655068,3068,results/unified_students/RAFDB_stage1_p6tau_T12_ts085_b070_224_400e_swa200_seed43/2026-08-02-01-56-17
RAFDB_stage1_p6tau_T12_ts085_b070_224_400e_swa200_seed43,2026-08-02-01-56-17,swa,True,"SWA average over [swa_start, epochs], fixed rule",43,400,200,0.85,vich,,90.25423431396484,0.07461775273978322,0.45213937759399414,0.17100244760513306,84.3460269845494,3068,results/unified_students/RAFDB_stage1_p6tau_T12_ts085_b070_224_400e_swa200_seed43/2026-08-02-01-56-17
RAFDB_stage1_p6tau_T12_ts134_b070_224_400e_swa200_seed1,2026-08-02-20-32-30,best,False,argmax val_acc over epochs (PEEKS at eval set),1,400,200,1.3406,vich,372,90.09126281738281,0.029050732762437446,0.3515419363975525,0.1614735722541809,83.9224480296585,3068,results/unified_students/RAFDB_stage1_p6tau_T12_ts134_b070_224_400e_swa200_seed1/2026-08-02-20-32-30
RAFDB_stage1_p6tau_T12_ts134_b070_224_400e_swa200_seed1,2026-08-02-20-32-30,last,True,"final epoch, fixed rule",1,400,200,1.3406,vich,400,89.30899810791016,0.034091790212801565,0.35083019733428955,0.163225919008255,83.35393642105733,3068,results/unified_students/RAFDB_stage1_p6tau_T12_ts134_b070_224_400e_swa200_seed1/2026-08-02-20-32-30
RAFDB_stage1_p6tau_T12_ts134_b070_224_400e_swa200_seed1,2026-08-02-20-32-30,swa,True,"SWA average over [swa_start, epochs], fixed rule",1,400,200,1.3406,vich,,89.79791259765625,0.04012012190757395,0.3470689356327057,0.15895766019821167,83.51541202463652,3068,results/unified_students/RAFDB_stage1_p6tau_T12_ts134_b070_224_400e_swa200_seed1/2026-08-02-20-32-30
RAFDB_stage1_p6tau_T12_ts134_b070_224_400e_swa200_seed42,2026-08-02-18-13-32,best,False,argmax val_acc over epochs (PEEKS at eval set),42,400,200,1.3406,vich,132,90.05867004394531,0.028842080622484043,0.3546825349330902,0.16192831099033356,83.98291336082629,3068,results/unified_students/RAFDB_stage1_p6tau_T12_ts134_b070_224_400e_swa200_seed42/2026-08-02-18-13-32
RAFDB_stage1_p6tau_T12_ts134_b070_224_400e_swa200_seed42,2026-08-02-18-13-32,last,True,"final epoch, fixed rule",42,400,200,1.3406,vich,400,89.66753387451172,0.04239466245318951,0.3593604862689972,0.16556203365325928,84.11649268591479,3068,results/unified_students/RAFDB_stage1_p6tau_T12_ts134_b070_224_400e_swa200_seed42/2026-08-02-18-13-32
RAFDB_stage1_p6tau_T12_ts134_b070_224_400e_swa200_seed42,2026-08-02-18-13-32,swa,True,"SWA average over [swa_start, epochs], fixed rule",42,400,200,1.3406,vich,,89.70013427734375,0.04059226940127364,0.3507824242115021,0.16099365055561066,83.80465372362617,3068,results/unified_students/RAFDB_stage1_p6tau_T12_ts134_b070_224_400e_swa200_seed42/2026-08-02-18-13-32
RAFDB_stage1_p6tau_T12_ts134_b070_224_400e_swa200_seed43,2026-08-02-22-51-46,best,False,argmax val_acc over epochs (PEEKS at eval set),43,400,200,1.3406,vich,248,89.73272705078125,0.036242506557873984,0.35917049646377563,0.16586431860923767,83.88897550603555,3068,results/unified_students/RAFDB_stage1_p6tau_T12_ts134_b070_224_400e_swa200_seed43/2026-08-02-22-51-46
RAFDB_stage1_p6tau_T12_ts134_b070_224_400e_swa200_seed43,2026-08-02-22-51-46,last,True,"final epoch, fixed rule",43,400,200,1.3406,vich,400,88.85267639160156,0.032942479979028286,0.3695543110370636,0.17311985790729523,82.38489244437237,3068,results/unified_students/RAFDB_stage1_p6tau_T12_ts134_b070_224_400e_swa200_seed43/2026-08-02-22-51-46
RAFDB_stage1_p6tau_T12_ts134_b070_224_400e_swa200_seed43,2026-08-02-22-51-46,swa,True,"SWA average over [swa_start, epochs], fixed rule",43,400,200,1.3406,vich,,89.73272705078125,0.03943932685889352,0.35127562284469604,0.16219954192638397,84.1722018570881,3068,results/unified_students/RAFDB_stage1_p6tau_T12_ts134_b070_224_400e_swa200_seed43/2026-08-02-22-51-46
RAFDB_stage1_p6tau_T12_ts170_b070_224_400e_swa200_seed1,2026-08-03-03-35-12,best,False,argmax val_acc over epochs (PEEKS at eval set),1,400,200,1.7,vich,394,89.66753387451172,0.05648563929494698,0.37465885281562805,0.16231416165828705,83.8722165754051,3068,results/unified_students/RAFDB_stage1_p6tau_T12_ts170_b070_224_400e_swa200_seed1/2026-08-03-03-35-12
RAFDB_stage1_p6tau_T12_ts170_b070_224_400e_swa200_seed1,2026-08-03-03-35-12,last,True,"final epoch, fixed rule",1,400,200,1.7,vich,400,88.91786193847656,0.05927676912955697,0.3816280961036682,0.16762426495552063,83.12240416441401,3068,results/unified_students/RAFDB_stage1_p6tau_T12_ts170_b070_224_400e_swa200_seed1/2026-08-03-03-35-12
RAFDB_stage1_p6tau_T12_ts170_b070_224_400e_swa200_seed1,2026-08-03-03-35-12,swa,True,"SWA average over [swa_start, epochs], fixed rule",1,400,200,1.7,vich,,89.66753387451172,0.04869838491218187,0.36991676688194275,0.16363032162189484,83.79697036226949,3068,results/unified_students/RAFDB_stage1_p6tau_T12_ts170_b070_224_400e_swa200_seed1/2026-08-03-03-35-12
RAFDB_stage1_p6tau_T12_ts170_b070_224_400e_swa200_seed42,2026-08-03-01-10-45,best,False,argmax val_acc over epochs (PEEKS at eval set),42,400,200,1.7,vich,341,89.73272705078125,0.053179228258218414,0.37845808267593384,0.1648268848657608,83.85688940574003,3068,results/unified_students/RAFDB_stage1_p6tau_T12_ts170_b070_224_400e_swa200_seed42/2026-08-03-01-10-45
RAFDB_stage1_p6tau_T12_ts170_b070_224_400e_swa200_seed42,2026-08-03-01-10-45,last,True,"final epoch, fixed rule",42,400,200,1.7,vich,400,89.47196960449219,0.06412042020741156,0.3959737718105316,0.17073936760425568,83.89318235024665,3068,results/unified_students/RAFDB_stage1_p6tau_T12_ts170_b070_224_400e_swa200_seed42/2026-08-03-01-10-45
RAFDB_stage1_p6tau_T12_ts170_b070_224_400e_swa200_seed42,2026-08-03-01-10-45,swa,True,"SWA average over [swa_start, epochs], fixed rule",42,400,200,1.7,vich,,89.73272705078125,0.04318094201084843,0.3658781349658966,0.1614847183227539,84.23497562890262,3068,results/unified_students/RAFDB_stage1_p6tau_T12_ts170_b070_224_400e_swa200_seed42/2026-08-03-01-10-45
RAFDB_stage1_p6tau_T12_ts170_b070_224_400e_swa200_seed43,2026-08-03-06-00-23,best,False,argmax val_acc over epochs (PEEKS at eval set),43,400,200,1.7,vich,283,89.83050537109375,0.05370003188993039,0.37437906861305237,0.161379873752594,84.41747876295845,3068,results/unified_students/RAFDB_stage1_p6tau_T12_ts170_b070_224_400e_swa200_seed43/2026-08-03-06-00-23
RAFDB_stage1_p6tau_T12_ts170_b070_224_400e_swa200_seed43,2026-08-03-06-00-23,last,True,"final epoch, fixed rule",43,400,200,1.7,vich,400,89.0482406616211,0.06334943309270885,0.39498674869537354,0.17256902158260345,82.97202325698309,3068,results/unified_students/RAFDB_stage1_p6tau_T12_ts170_b070_224_400e_swa200_seed43/2026-08-03-06-00-23
RAFDB_stage1_p6tau_T12_ts170_b070_224_400e_swa200_seed43,2026-08-03-06-00-23,swa,True,"SWA average over [swa_start, epochs], fixed rule",43,400,200,1.7,vich,,89.53715515136719,0.04899433296479799,0.367753803730011,0.16144637763500214,83.92328650255408,3068,results/unified_students/RAFDB_stage1_p6tau_T12_ts170_b070_224_400e_swa200_seed43/2026-08-03-06-00-23
RAFDB_stage1_tempscale_T085_b070_T6_224_400e_swa200_seed1,2026-07-23-23-14-27,best,False,argmax val_acc over epochs (PEEKS at eval set),1,400,200,0.85,vich,300,89.66753387451172,0.07657918583655139,0.48721447587013245,0.1815982311964035,83.5232292083892,3068,results/unified_students/RAFDB_stage1_tempscale_T085_b070_T6_224_400e_swa200_seed1/2026-07-23-23-14-27
RAFDB_stage1_tempscale_T085_b070_T6_224_400e_swa200_seed1,2026-07-23-23-14-27,last,True,"final epoch, fixed rule",1,400,200,0.85,vich,400,88.559326171875,0.08410528388646621,0.4811025857925415,0.19650523364543915,82.31900517147702,3068,results/unified_students/RAFDB_stage1_tempscale_T085_b070_T6_224_400e_swa200_seed1/2026-07-23-23-14-27
RAFDB_stage1_tempscale_T085_b070_T6_224_400e_swa200_seed1,2026-07-23-23-14-27,swa,True,"SWA average over [swa_start, epochs], fixed rule",1,400,200,0.85,vich,,89.47196960449219,0.08136822252183415,0.5048301219940186,0.1850963532924652,83.09870130672435,3068,results/unified_students/RAFDB_stage1_tempscale_T085_b070_T6_224_400e_swa200_seed1/2026-07-23-23-14-27
RAFDB_stage1_tempscale_T085_b070_T6_224_400e_swa200_seed42,2026-07-23-10-35-11,best,False,argmax val_acc over epochs (PEEKS at eval set),42,400,200,0.85,vich,324,89.89569854736328,0.07536905136984207,0.4731784164905548,0.17800046503543854,84.54445427000007,3068,results/unified_students/RAFDB_stage1_tempscale_T085_b070_T6_224_400e_swa200_seed42/2026-07-23-10-35-11
RAFDB_stage1_tempscale_T085_b070_T6_224_400e_swa200_seed42,2026-07-23-10-35-11,last,True,"final epoch, fixed rule",42,400,200,0.85,vich,400,89.21121215820312,0.07352286536426246,0.4561745822429657,0.18219797313213348,83.75274134519917,3068,results/unified_students/RAFDB_stage1_tempscale_T085_b070_T6_224_400e_swa200_seed42/2026-07-23-10-35-11
RAFDB_stage1_tempscale_T085_b070_T6_224_400e_swa200_seed42,2026-07-23-10-35-11,swa,True,"SWA average over [swa_start, epochs], fixed rule",42,400,200,0.85,vich,,89.83050537109375,0.07811261412373112,0.479113906621933,0.1756388545036316,84.54635748197397,3068,results/unified_students/RAFDB_stage1_tempscale_T085_b070_T6_224_400e_swa200_seed42/2026-07-23-10-35-11
RAFDB_stage1_tempscale_T085_b070_T6_224_400e_swa200_seed43,2026-07-23-14-53-49,best,False,argmax val_acc over epochs (PEEKS at eval set),43,400,200,0.85,vich,344,89.79791259765625,0.07622201425039163,0.4748242199420929,0.18109042942523956,84.78411579648845,3068,results/unified_students/RAFDB_stage1_tempscale_T085_b070_T6_224_400e_swa200_seed43/2026-07-23-14-53-49
RAFDB_stage1_tempscale_T085_b070_T6_224_400e_swa200_seed43,2026-07-23-14-53-49,last,True,"final epoch, fixed rule",43,400,200,0.85,vich,400,88.95045471191406,0.083223999110008,0.49961718916893005,0.19280238449573517,83.2216277404068,3068,results/unified_students/RAFDB_stage1_tempscale_T085_b070_T6_224_400e_swa200_seed43/2026-07-23-14-53-49
RAFDB_stage1_tempscale_T085_b070_T6_224_400e_swa200_seed43,2026-07-23-14-53-49,swa,True,"SWA average over [swa_start, epochs], fixed rule",43,400,200,0.85,vich,,89.63494110107422,0.07953811236784697,0.48676425218582153,0.18016241490840912,83.56048895355039,3068,results/unified_students/RAFDB_stage1_tempscale_T085_b070_T6_224_400e_swa200_seed43/2026-07-23-14-53-49
RAFDB_stage1_tempscale_T1341_halfA_baseline_b070_T6_224_400e_swa200,2026-07-21-11-14-32,best,False,argmax val_acc over epochs (PEEKS at eval set),42,400,200,1.3406,vich,394,89.92829132080078,0.033282788492243795,0.3561752736568451,0.1642707735300064,83.53945218370549,3068,results/unified_students/RAFDB_stage1_tempscale_T1341_halfA_baseline_b070_T6_224_400e_swa200/2026-07-21-11-14-32
RAFDB_stage1_tempscale_T1341_halfA_baseline_b070_T6_224_400e_swa200,2026-07-21-11-14-32,last,True,"final epoch, fixed rule",42,400,200,1.3406,vich,400,89.14602661132812,0.036093642855016934,0.37113603949546814,0.17433781921863556,82.75753353787981,3068,results/unified_students/RAFDB_stage1_tempscale_T1341_halfA_baseline_b070_T6_224_400e_swa200/2026-07-21-11-14-32
RAFDB_stage1_tempscale_T1341_halfA_baseline_b070_T6_224_400e_swa200,2026-07-21-11-14-32,swa,True,"SWA average over [swa_start, epochs], fixed rule",42,400,200,1.3406,vich,,89.66753387451172,0.043162582206601734,0.35388505458831787,0.16351792216300964,83.55415549851163,3068,results/unified_students/RAFDB_stage1_tempscale_T1341_halfA_baseline_b070_T6_224_400e_swa200/2026-07-21-11-14-32
RAFDB_stage1_tempscale_T134_b070_T6_224_400e_swa200_seed1,2026-07-23-10-35-11,best,False,argmax val_acc over epochs (PEEKS at eval set),1,400,200,1.3406,vich,256,89.89569854736328,0.031979100227433666,0.349502831697464,0.16028143465518951,83.63908703167856,3068,results/unified_students/RAFDB_stage1_tempscale_T134_b070_T6_224_400e_swa200_seed1/2026-07-23-10-35-11
RAFDB_stage1_tempscale_T134_b070_T6_224_400e_swa200_seed1,2026-07-23-10-35-11,last,True,"final epoch, fixed rule",1,400,200,1.3406,vich,400,88.95045471191406,0.03626844837698197,0.36143073439598083,0.17009688913822174,82.33230005153281,3068,results/unified_students/RAFDB_stage1_tempscale_T134_b070_T6_224_400e_swa200_seed1/2026-07-23-10-35-11
RAFDB_stage1_tempscale_T134_b070_T6_224_400e_swa200_seed1,2026-07-23-10-35-11,swa,True,"SWA average over [swa_start, epochs], fixed rule",1,400,200,1.3406,vich,,89.73272705078125,0.04250853412543003,0.3518167734146118,0.16074463725090027,83.47299403246609,3068,results/unified_students/RAFDB_stage1_tempscale_T134_b070_T6_224_400e_swa200_seed1/2026-07-23-10-35-11
RAFDB_stage1_tempscale_T134_b070_T6_224_400e_swa200_seed43,2026-07-24-03-24-24,best,False,argmax val_acc over epochs (PEEKS at eval set),43,400,200,1.3406,vich,299,90.02607727050781,0.03615927535948262,0.34250399470329285,0.1584363877773285,84.30286479043,3068,results/unified_students/RAFDB_stage1_tempscale_T134_b070_T6_224_400e_swa200_seed43/2026-07-24-03-24-24
RAFDB_stage1_tempscale_T134_b070_T6_224_400e_swa200_seed43,2026-07-24-03-24-24,last,True,"final epoch, fixed rule",43,400,200,1.3406,vich,400,89.47196960449219,0.037051504528856645,0.3550637364387512,0.16462530195713043,84.0914916997485,3068,results/unified_students/RAFDB_stage1_tempscale_T134_b070_T6_224_400e_swa200_seed43/2026-07-24-03-24-24
RAFDB_stage1_tempscale_T134_b070_T6_224_400e_swa200_seed43,2026-07-24-03-24-24,swa,True,"SWA average over [swa_start, epochs], fixed rule",43,400,200,1.3406,vich,,89.79791259765625,0.042751161884297915,0.3495346009731293,0.1620398312807083,84.67272392657132,3068,results/unified_students/RAFDB_stage1_tempscale_T134_b070_T6_224_400e_swa200_seed43/2026-07-24-03-24-24
RAFDB_stage1_tempscale_T170_b070_T6_224_400e_swa200_seed1,2026-07-24-03-24-13,best,False,argmax val_acc over epochs (PEEKS at eval set),1,400,200,1.7,vich,332,89.70013427734375,0.04986683423041986,0.37891313433647156,0.16431744396686554,84.17995309973571,3068,results/unified_students/RAFDB_stage1_tempscale_T170_b070_T6_224_400e_swa200_seed1/2026-07-24-03-24-13
RAFDB_stage1_tempscale_T170_b070_T6_224_400e_swa200_seed1,2026-07-24-03-24-13,last,True,"final epoch, fixed rule",1,400,200,1.7,vich,400,89.34159088134766,0.05420340631628285,0.3749499022960663,0.16622944176197052,83.20570006777989,3068,results/unified_students/RAFDB_stage1_tempscale_T170_b070_T6_224_400e_swa200_seed1/2026-07-24-03-24-13
RAFDB_stage1_tempscale_T170_b070_T6_224_400e_swa200_seed1,2026-07-24-03-24-13,swa,True,"SWA average over [swa_start, epochs], fixed rule",1,400,200,1.7,vich,,89.40678405761719,0.04152102102045907,0.36802205443382263,0.16409991681575775,83.3023829877905,3068,results/unified_students/RAFDB_stage1_tempscale_T170_b070_T6_224_400e_swa200_seed1/2026-07-24-03-24-13
RAFDB_stage1_tempscale_T170_b070_T6_224_400e_swa200_seed42,2026-07-23-14-53-49,best,False,argmax val_acc over epochs (PEEKS at eval set),42,400,200,1.7,vich,316,89.56975555419922,0.061200851936383846,0.3736645579338074,0.16433590650558472,84.65155590284704,3068,results/unified_students/RAFDB_stage1_tempscale_T170_b070_T6_224_400e_swa200_seed42/2026-07-23-14-53-49
RAFDB_stage1_tempscale_T170_b070_T6_224_400e_swa200_seed42,2026-07-23-14-53-49,last,True,"final epoch, fixed rule",42,400,200,1.7,vich,400,88.49413299560547,0.06398412724167614,0.3925086557865143,0.17525503039360046,82.68044472763994,3068,results/unified_students/RAFDB_stage1_tempscale_T170_b070_T6_224_400e_swa200_seed42/2026-07-23-14-53-49
RAFDB_stage1_tempscale_T170_b070_T6_224_400e_swa200_seed42,2026-07-23-14-53-49,swa,True,"SWA average over [swa_start, epochs], fixed rule",42,400,200,1.7,vich,,89.24380493164062,0.04721869865366812,0.3605821430683136,0.1619865745306015,83.87129676424684,3068,results/unified_students/RAFDB_stage1_tempscale_T170_b070_T6_224_400e_swa200_seed42/2026-07-23-14-53-49
RAFDB_stage1_tempscale_T170_b070_T6_224_400e_swa200_seed43,2026-07-23-19-06-06,best,False,argmax val_acc over epochs (PEEKS at eval set),43,400,200,1.7,vich,355,89.66753387451172,0.05660767676466603,0.37357744574546814,0.1635182499885559,83.07078469907367,3068,results/unified_students/RAFDB_stage1_tempscale_T170_b070_T6_224_400e_swa200_seed43/2026-07-23-19-06-06
RAFDB_stage1_tempscale_T170_b070_T6_224_400e_swa200_seed43,2026-07-23-19-06-06,last,True,"final epoch, fixed rule",43,400,200,1.7,vich,400,88.78748321533203,0.05326301426744523,0.38450461626052856,0.1696922928094864,82.36910980283149,3068,results/unified_students/RAFDB_stage1_tempscale_T170_b070_T6_224_400e_swa200_seed43/2026-07-23-19-06-06
RAFDB_stage1_tempscale_T170_b070_T6_224_400e_swa200_seed43,2026-07-23-19-06-06,swa,True,"SWA average over [swa_start, epochs], fixed rule",43,400,200,1.7,vich,,89.63494110107422,0.04548752780960001,0.364467978477478,0.16209712624549866,83.70569426225526,3068,results/unified_students/RAFDB_stage1_tempscale_T170_b070_T6_224_400e_swa200_seed43/2026-07-23-19-06-06
RAFDB_stage1_tempscale_T220_b070_T6_224_400e_swa200_seed1,2026-07-24-07-29-46,best,False,argmax val_acc over epochs (PEEKS at eval set),1,400,200,2.2,vich,129,89.37418365478516,0.1098657797589762,0.44444552063941956,0.17912276089191437,83.29338405916545,3068,results/unified_students/RAFDB_stage1_tempscale_T220_b070_T6_224_400e_swa200_seed1/2026-07-24-07-29-46
RAFDB_stage1_tempscale_T220_b070_T6_224_400e_swa200_seed1,2026-07-24-07-29-46,last,True,"final epoch, fixed rule",1,400,200,2.2,vich,400,88.42894744873047,0.11855872469860697,0.45952939987182617,0.18931031227111816,81.68827997588234,3068,results/unified_students/RAFDB_stage1_tempscale_T220_b070_T6_224_400e_swa200_seed1/2026-07-24-07-29-46
RAFDB_stage1_tempscale_T220_b070_T6_224_400e_swa200_seed1,2026-07-24-07-29-46,swa,True,"SWA average over [swa_start, epochs], fixed rule",1,400,200,2.2,vich,,89.30899810791016,0.10128636753388146,0.42522746324539185,0.17324228584766388,83.02132286046447,3068,results/unified_students/RAFDB_stage1_tempscale_T220_b070_T6_224_400e_swa200_seed1/2026-07-24-07-29-46
RAFDB_stage1_tempscale_T220_b070_T6_224_400e_swa200_seed42,2026-07-23-19-06-00,best,False,argmax val_acc over epochs (PEEKS at eval set),42,400,200,2.2,vich,388,89.96088409423828,0.12777382039223378,0.4438130855560303,0.1755811721086502,84.40858630196331,3068,results/unified_students/RAFDB_stage1_tempscale_T220_b070_T6_224_400e_swa200_seed42/2026-07-23-19-06-00
RAFDB_stage1_tempscale_T220_b070_T6_224_400e_swa200_seed42,2026-07-23-19-06-00,last,True,"final epoch, fixed rule",42,400,200,2.2,vich,400,89.17861938476562,0.12816633746960485,0.4526332914829254,0.18119461834430695,83.56300739712265,3068,results/unified_students/RAFDB_stage1_tempscale_T220_b070_T6_224_400e_swa200_seed42/2026-07-23-19-06-00
RAFDB_stage1_tempscale_T220_b070_T6_224_400e_swa200_seed42,2026-07-23-19-06-00,swa,True,"SWA average over [swa_start, epochs], fixed rule",42,400,200,2.2,vich,,89.83050537109375,0.10302993218563836,0.4124322235584259,0.16547611355781555,83.9297831871781,3068,results/unified_students/RAFDB_stage1_tempscale_T220_b070_T6_224_400e_swa200_seed42/2026-07-23-19-06-00
RAFDB_stage1_tempscale_T220_b070_T6_224_400e_swa200_seed43,2026-07-23-23-14-30,best,False,argmax val_acc over epochs (PEEKS at eval set),43,400,200,2.2,vich,380,89.83050537109375,0.11582177883254502,0.4410732090473175,0.17689798772335052,84.11136542718053,3068,results/unified_students/RAFDB_stage1_tempscale_T220_b070_T6_224_400e_swa200_seed43/2026-07-23-23-14-30
RAFDB_stage1_tempscale_T220_b070_T6_224_400e_swa200_seed43,2026-07-23-23-14-30,last,True,"final epoch, fixed rule",43,400,200,2.2,vich,400,89.0156478881836,0.10993724702487091,0.44593653082847595,0.18016594648361206,82.89522924412803,3068,results/unified_students/RAFDB_stage1_tempscale_T220_b070_T6_224_400e_swa200_seed43/2026-07-23-23-14-30
RAFDB_stage1_tempscale_T220_b070_T6_224_400e_swa200_seed43,2026-07-23-23-14-30,swa,True,"SWA average over [swa_start, epochs], fixed rule",43,400,200,2.2,vich,,89.76531982421875,0.09802878746153323,0.41688865423202515,0.1674976348876953,84.30018138636288,3068,results/unified_students/RAFDB_stage1_tempscale_T220_b070_T6_224_400e_swa200_seed43/2026-07-23-23-14-30
RAFDB_vae9182_adaptive_t_b070_T6_224_400e_swa200,2026-07-19-00-33-08,best,False,argmax val_acc over epochs (PEEKS at eval set),42,400,200,1.0,vich,395,90.67796325683594,0.03472896906240046,0.3239167034626007,0.14774397015571594,86.05594913104832,3068,results/unified_students/RAFDB_vae9182_adaptive_t_b070_T6_224_400e_swa200/2026-07-19-00-33-08
RAFDB_vae9182_adaptive_t_b070_T6_224_400e_swa200,2026-07-19-00-33-08,last,True,"final epoch, fixed rule",42,400,200,1.0,vich,400,90.05867004394531,0.027817824032191657,0.32608723640441895,0.15029531717300415,84.87171930938395,3068,results/unified_students/RAFDB_vae9182_adaptive_t_b070_T6_224_400e_swa200/2026-07-19-00-33-08
RAFDB_vae9182_adaptive_t_b070_T6_224_400e_swa200,2026-07-19-00-33-08,swa,True,"SWA average over [swa_start, epochs], fixed rule",42,400,200,1.0,vich,,90.5149917602539,0.02509367143470585,0.3164961040019989,0.1487981379032135,85.33079456163645,3068,results/unified_students/RAFDB_vae9182_adaptive_t_b070_T6_224_400e_swa200/2026-07-19-00-33-08
RAFDB_vae9182_adaptive_t_b070_T6_224_400e_swa200_seed1,2026-07-21-02-47-28,best,False,argmax val_acc over epochs (PEEKS at eval set),1,400,200,1.0,vich,315,90.05867004394531,0.03030218529810029,0.32531294226646423,0.15391655266284943,84.5576764117881,3068,results/unified_students/RAFDB_vae9182_adaptive_t_b070_T6_224_400e_swa200_seed1/2026-07-21-02-47-28
RAFDB_vae9182_adaptive_t_b070_T6_224_400e_swa200_seed1,2026-07-21-02-47-28,last,True,"final epoch, fixed rule",1,400,200,1.0,vich,400,89.0482406616211,0.034782722922627275,0.33186134696006775,0.15924079716205597,83.26551381604983,3068,results/unified_students/RAFDB_vae9182_adaptive_t_b070_T6_224_400e_swa200_seed1/2026-07-21-02-47-28
RAFDB_vae9182_adaptive_t_b070_T6_224_400e_swa200_seed1,2026-07-21-02-47-28,swa,True,"SWA average over [swa_start, epochs], fixed rule",1,400,200,1.0,vich,,90.09126281738281,0.030009588481666523,0.32088184356689453,0.1536804586648941,84.46468091930085,3068,results/unified_students/RAFDB_vae9182_adaptive_t_b070_T6_224_400e_swa200_seed1/2026-07-21-02-47-28
RAFDB_vae9182_adaptive_t_b070_T6_224_400e_swa200_seed43,2026-07-20-18-35-32,best,False,argmax val_acc over epochs (PEEKS at eval set),43,400,200,1.0,vich,367,90.22164154052734,0.024600619219505803,0.3208727240562439,0.14947782456874847,84.54928579074497,3068,results/unified_students/RAFDB_vae9182_adaptive_t_b070_T6_224_400e_swa200_seed43/2026-07-20-18-35-32
RAFDB_vae9182_adaptive_t_b070_T6_224_400e_swa200_seed43,2026-07-20-18-35-32,last,True,"final epoch, fixed rule",43,400,200,1.0,vich,400,89.21121215820312,0.03234251450645255,0.3348449170589447,0.159180149435997,83.22868111179507,3068,results/unified_students/RAFDB_vae9182_adaptive_t_b070_T6_224_400e_swa200_seed43/2026-07-20-18-35-32
RAFDB_vae9182_adaptive_t_b070_T6_224_400e_swa200_seed43,2026-07-20-18-35-32,swa,True,"SWA average over [swa_start, epochs], fixed rule",43,400,200,1.0,vich,,90.09126281738281,0.031173977996022326,0.31937095522880554,0.15076391398906708,84.24467027957871,3068,results/unified_students/RAFDB_vae9182_adaptive_t_b070_T6_224_400e_swa200_seed43/2026-07-20-18-35-32
RAFDB_vae9182_adaptive_t_b070_T6_224_500e_swa200_seed1,2026-07-22-17-00-46,best,False,argmax val_acc over epochs (PEEKS at eval set),1,500,200,1.0,vich,451,90.64537048339844,0.027727626200954793,0.3152628540992737,0.14677077531814575,85.52580214023192,3068,results/unified_students/RAFDB_vae9182_adaptive_t_b070_T6_224_500e_swa200_seed1/2026-07-22-17-00-46
RAFDB_vae9182_adaptive_t_b070_T6_224_500e_swa200_seed1,2026-07-22-17-00-46,last,True,"final epoch, fixed rule",1,500,200,1.0,vich,500,89.92829132080078,0.03629821851227864,0.3245290219783783,0.14937984943389893,85.10610144446593,3068,results/unified_students/RAFDB_vae9182_adaptive_t_b070_T6_224_500e_swa200_seed1/2026-07-22-17-00-46
RAFDB_vae9182_adaptive_t_b070_T6_224_500e_swa200_seed1,2026-07-22-17-00-46,swa,True,"SWA average over [swa_start, epochs], fixed rule",1,500,200,1.0,vich,,90.80834197998047,0.029243465702412492,0.30789420008659363,0.14553949236869812,85.94520421299683,3068,results/unified_students/RAFDB_vae9182_adaptive_t_b070_T6_224_500e_swa200_seed1/2026-07-22-17-00-46
RAFDB_vae9182_adaptive_t_b070_T6_224_500e_swa200_seed42,2026-07-22-11-48-05,best,False,argmax val_acc over epochs (PEEKS at eval set),42,500,200,1.0,vich,387,90.02607727050781,0.02505218818045502,0.3245766758918762,0.1513562798500061,84.2243892036488,3068,results/unified_students/RAFDB_vae9182_adaptive_t_b070_T6_224_500e_swa200_seed42/2026-07-22-11-48-05
RAFDB_vae9182_adaptive_t_b070_T6_224_500e_swa200_seed42,2026-07-22-11-48-05,last,True,"final epoch, fixed rule",42,500,200,1.0,vich,500,89.24380493164062,0.03523881277834421,0.33752766251564026,0.1576124131679535,82.87283698271806,3068,results/unified_students/RAFDB_vae9182_adaptive_t_b070_T6_224_500e_swa200_seed42/2026-07-22-11-48-05
RAFDB_vae9182_adaptive_t_b070_T6_224_500e_swa200_seed42,2026-07-22-11-48-05,swa,True,"SWA average over [swa_start, epochs], fixed rule",42,500,200,1.0,vich,,89.56975555419922,0.035087835169949774,0.3240869343280792,0.15609554946422577,83.2649376255504,3068,results/unified_students/RAFDB_vae9182_adaptive_t_b070_T6_224_500e_swa200_seed42/2026-07-22-11-48-05
RAFDB_vae9182_adaptive_t_b070_T6_224_500e_swa200_seed43,2026-07-22-22-10-32,best,False,argmax val_acc over epochs (PEEKS at eval set),43,500,200,1.0,vich,138,90.38461303710938,0.02726114322728874,0.3205505609512329,0.15047572553157806,85.60024063792356,3068,results/unified_students/RAFDB_vae9182_adaptive_t_b070_T6_224_500e_swa200_seed43/2026-07-22-22-10-32
RAFDB_vae9182_adaptive_t_b070_T6_224_500e_swa200_seed43,2026-07-22-22-10-32,last,True,"final epoch, fixed rule",43,500,200,1.0,vich,500,89.70013427734375,0.029540593933794927,0.32293805480003357,0.1532132774591446,84.45678901236326,3068,results/unified_students/RAFDB_vae9182_adaptive_t_b070_T6_224_500e_swa200_seed43/2026-07-22-22-10-32
RAFDB_vae9182_adaptive_t_b070_T6_224_500e_swa200_seed43,2026-07-22-22-10-32,swa,True,"SWA average over [swa_start, epochs], fixed rule",43,500,200,1.0,vich,,90.22164154052734,0.03268071255286017,0.3146652579307556,0.1485585719347,85.47609567751728,3068,results/unified_students/RAFDB_vae9182_adaptive_t_b070_T6_224_500e_swa200_seed43/2026-07-22-22-10-32
RAFDB_vae9182_baseline_b070_T6_224_500e_swa200_seed1,2026-07-22-16-58-52,best,False,argmax val_acc over epochs (PEEKS at eval set),1,500,200,1.0,vich,149,90.5475845336914,0.030723547089402958,0.3235166370868683,0.1524786353111267,84.8597326112814,3068,results/unified_students/RAFDB_vae9182_baseline_b070_T6_224_500e_swa200_seed1/2026-07-22-16-58-52
RAFDB_vae9182_baseline_b070_T6_224_500e_swa200_seed1,2026-07-22-16-58-52,last,True,"final epoch, fixed rule",1,500,200,1.0,vich,500,90.12386322021484,0.028120579297570548,0.31972795724868774,0.14895102381706238,84.49417182931346,3068,results/unified_students/RAFDB_vae9182_baseline_b070_T6_224_500e_swa200_seed1/2026-07-22-16-58-52
RAFDB_vae9182_baseline_b070_T6_224_500e_swa200_seed1,2026-07-22-16-58-52,swa,True,"SWA average over [swa_start, epochs], fixed rule",1,500,200,1.0,vich,,90.22164154052734,0.03029472916113817,0.31729042530059814,0.14979688823223114,84.60252686110512,3068,results/unified_students/RAFDB_vae9182_baseline_b070_T6_224_500e_swa200_seed1/2026-07-22-16-58-52
RAFDB_vae9182_baseline_b070_T6_224_500e_swa200_seed42,2026-07-22-11-48-04,best,False,argmax val_acc over epochs (PEEKS at eval set),42,500,200,1.0,vich,269,90.05867004394531,0.02861275083617328,0.33024296164512634,0.15398699045181274,84.52298003974472,3068,results/unified_students/RAFDB_vae9182_baseline_b070_T6_224_500e_swa200_seed42/2026-07-22-11-48-04
RAFDB_vae9182_baseline_b070_T6_224_500e_swa200_seed42,2026-07-22-11-48-04,last,True,"final epoch, fixed rule",42,500,200,1.0,vich,500,89.73272705078125,0.03384173559474199,0.32940348982810974,0.15240596234798431,84.01901981602815,3068,results/unified_students/RAFDB_vae9182_baseline_b070_T6_224_500e_swa200_seed42/2026-07-22-11-48-04
RAFDB_vae9182_baseline_b070_T6_224_500e_swa200_seed42,2026-07-22-11-48-04,swa,True,"SWA average over [swa_start, epochs], fixed rule",42,500,200,1.0,vich,,89.86310577392578,0.03390570571633952,0.32283148169517517,0.15277020633220673,84.15163516374979,3068,results/unified_students/RAFDB_vae9182_baseline_b070_T6_224_500e_swa200_seed42/2026-07-22-11-48-04
RAFDB_vae9182_baseline_b070_T6_224_500e_swa200_seed43,2026-07-22-22-04-35,best,False,argmax val_acc over epochs (PEEKS at eval set),43,500,200,1.0,vich,139,90.35202026367188,0.02994673215387076,0.3257504105567932,0.15380947291851044,84.88025247012504,3068,results/unified_students/RAFDB_vae9182_baseline_b070_T6_224_500e_swa200_seed43/2026-07-22-22-04-35
RAFDB_vae9182_baseline_b070_T6_224_500e_swa200_seed43,2026-07-22-22-04-35,last,True,"final epoch, fixed rule",43,500,200,1.0,vich,500,89.21121215820312,0.03429140971373704,0.32787656784057617,0.15836724638938904,83.27365803541956,3068,results/unified_students/RAFDB_vae9182_baseline_b070_T6_224_500e_swa200_seed43/2026-07-22-22-04-35
RAFDB_vae9182_baseline_b070_T6_224_500e_swa200_seed43,2026-07-22-22-04-35,swa,True,"SWA average over [swa_start, epochs], fixed rule",43,500,200,1.0,vich,,89.56975555419922,0.03715906568075563,0.32001614570617676,0.15431524813175201,83.8927182788074,3068,results/unified_students/RAFDB_vae9182_baseline_b070_T6_224_500e_swa200_seed43/2026-07-22-22-04-35
RAFDB_vae9182_baseline_noclassweight_b070_T6_224_400e_swa200_seed1,2026-07-29-21-20-26,best,False,argmax val_acc over epochs (PEEKS at eval set),1,400,200,1.0,vich,334,90.31942749023438,0.02384627968888861,0.3258906900882721,0.1533680111169815,84.8168212617556,3068,results/unified_students/RAFDB_vae9182_baseline_noclassweight_b070_T6_224_400e_swa200_seed1/2026-07-29-21-20-26
RAFDB_vae9182_baseline_noclassweight_b070_T6_224_400e_swa200_seed1,2026-07-29-21-20-26,last,True,"final epoch, fixed rule",1,400,200,1.0,vich,400,89.30899810791016,0.033421640567277526,0.3373706042766571,0.16256104409694672,83.76748412541687,3068,results/unified_students/RAFDB_vae9182_baseline_noclassweight_b070_T6_224_400e_swa200_seed1/2026-07-29-21-20-26
RAFDB_vae9182_baseline_noclassweight_b070_T6_224_400e_swa200_seed1,2026-07-29-21-20-26,swa,True,"SWA average over [swa_start, epochs], fixed rule",1,400,200,1.0,vich,,90.02607727050781,0.02962460165850653,0.3213435113430023,0.15358905494213104,84.13148852441559,3068,results/unified_students/RAFDB_vae9182_baseline_noclassweight_b070_T6_224_400e_swa200_seed1/2026-07-29-21-20-26
RAFDB_vae9182_baseline_noclassweight_b070_T6_224_400e_swa200_seed42,2026-07-29-14-24-13,best,False,argmax val_acc over epochs (PEEKS at eval set),42,400,200,1.0,vich,298,90.67796325683594,0.02223945163297218,0.31543874740600586,0.1475692242383957,85.18049472220288,3068,results/unified_students/RAFDB_vae9182_baseline_noclassweight_b070_T6_224_400e_swa200_seed42/2026-07-29-14-24-13
RAFDB_vae9182_baseline_noclassweight_b070_T6_224_400e_swa200_seed42,2026-07-29-14-24-13,last,True,"final epoch, fixed rule",42,400,200,1.0,vich,400,89.83050537109375,0.025573663787510748,0.3261634409427643,0.1516171544790268,83.8015764494525,3068,results/unified_students/RAFDB_vae9182_baseline_noclassweight_b070_T6_224_400e_swa200_seed42/2026-07-29-14-24-13
RAFDB_vae9182_baseline_noclassweight_b070_T6_224_400e_swa200_seed42,2026-07-29-14-24-13,swa,True,"SWA average over [swa_start, epochs], fixed rule",42,400,200,1.0,vich,,90.38461303710938,0.024669509249917843,0.311712384223938,0.1476331651210785,84.6334367294849,3068,results/unified_students/RAFDB_vae9182_baseline_noclassweight_b070_T6_224_400e_swa200_seed42/2026-07-29-14-24-13
RAFDB_vae9182_baseline_noclassweight_b070_T6_224_400e_swa200_seed43,2026-07-29-16-44-46,best,False,argmax val_acc over epochs (PEEKS at eval set),43,400,200,1.0,vich,373,90.15645599365234,0.021458542967674164,0.3266534209251404,0.15405157208442688,84.5590718935656,3068,results/unified_students/RAFDB_vae9182_baseline_noclassweight_b070_T6_224_400e_swa200_seed43/2026-07-29-16-44-46
RAFDB_vae9182_baseline_noclassweight_b070_T6_224_400e_swa200_seed43,2026-07-29-16-44-46,last,True,"final epoch, fixed rule",43,400,200,1.0,vich,400,89.66753387451172,0.030020298710702453,0.3393014073371887,0.16184210777282715,84.069851023875,3068,results/unified_students/RAFDB_vae9182_baseline_noclassweight_b070_T6_224_400e_swa200_seed43/2026-07-29-16-44-46
RAFDB_vae9182_baseline_noclassweight_b070_T6_224_400e_swa200_seed43,2026-07-29-16-44-46,swa,True,"SWA average over [swa_start, epochs], fixed rule",43,400,200,1.0,vich,,90.02607727050781,0.02900473200357877,0.3226756155490875,0.15464149415493011,84.41732735440686,3068,results/unified_students/RAFDB_vae9182_baseline_noclassweight_b070_T6_224_400e_swa200_seed43/2026-07-29-16-44-46
RAFDB_vae9182_betaKD_b070_T6_224_200e_noSWA,2026-06-20-18-35-53,best,False,argmax val_acc over epochs (PEEKS at eval set),42,200,,1.0,vich,139,89.92829132080078,0.028967986293768476,0.33994802832603455,0.1602797657251358,84.5088607155726,3068,results/unified_students/RAFDB_vae9182_betaKD_b070_T6_224_200e_noSWA/2026-06-20-18-35-53
RAFDB_vae9182_betaKD_b070_T6_224_200e_noSWA,2026-06-20-18-35-53,last,True,"final epoch, fixed rule",42,200,,1.0,vich,200,89.0156478881836,0.035695321887071,0.35731810331344604,0.16903913021087646,83.1366420460172,3068,results/unified_students/RAFDB_vae9182_betaKD_b070_T6_224_200e_noSWA/2026-06-20-18-35-53
RAFDB_vae9182_betaKD_b070_T6_224_200e_noSWA_seed1,2026-07-17-16-01-11,best,False,argmax val_acc over epochs (PEEKS at eval set),1,200,,1.0,vich,149,89.96088409423828,0.028221732498458656,0.3326992988586426,0.15653540194034576,84.64269199529225,3068,results/unified_students/RAFDB_vae9182_betaKD_b070_T6_224_200e_noSWA_seed1/2026-07-17-16-01-11
RAFDB_vae9182_betaKD_b070_T6_224_200e_noSWA_seed1,2026-07-17-16-01-11,last,True,"final epoch, fixed rule",1,200,,1.0,vich,200,89.0482406616211,0.036138573217034495,0.36625733971595764,0.17242459952831268,83.23747721107834,3068,results/unified_students/RAFDB_vae9182_betaKD_b070_T6_224_200e_noSWA_seed1/2026-07-17-16-01-11
RAFDB_vae9182_betaKD_b070_T6_224_200e_noSWA_seed43,2026-06-20-22-25-30,best,False,argmax val_acc over epochs (PEEKS at eval set),43,200,,1.0,vich,66,89.34159088134766,0.035371767237996184,0.3449576795101166,0.16459079086780548,83.0542849549139,3068,results/unified_students/RAFDB_vae9182_betaKD_b070_T6_224_200e_noSWA_seed43/2026-06-20-22-25-30
RAFDB_vae9182_betaKD_b070_T6_224_200e_noSWA_seed43,2026-06-20-22-25-30,last,True,"final epoch, fixed rule",43,200,,1.0,vich,200,88.49413299560547,0.03331143633891116,0.3677157759666443,0.1757579743862152,82.51702433062835,3068,results/unified_students/RAFDB_vae9182_betaKD_b070_T6_224_200e_noSWA_seed43/2026-06-20-22-25-30
RAFDB_vae9182_betaKD_b070_T6_224_amp_classw,2026-06-18-20-47-38,best,False,argmax val_acc over epochs (PEEKS at eval set),42,200,90,1.0,vich,65,89.66753387451172,0.030597554454203535,0.35085609555244446,0.1635841280221939,84.17204493259048,3068,results/unified_students/RAFDB_vae9182_betaKD_b070_T6_224_amp_classw/2026-06-18-20-47-38
RAFDB_vae9182_betaKD_b070_T6_224_amp_classw,2026-06-18-20-47-38,last,True,"final epoch, fixed rule",42,200,90,1.0,vich,200,89.34159088134766,0.029937068425420058,0.3408096134662628,0.1604682058095932,83.34703544831792,3068,results/unified_students/RAFDB_vae9182_betaKD_b070_T6_224_amp_classw/2026-06-18-20-47-38
RAFDB_vae9182_betaKD_b070_T6_224_amp_classw,2026-06-18-20-47-38,swa,True,"SWA average over [swa_start, epochs], fixed rule",42,200,90,1.0,vich,,89.70013427734375,0.026495512089214864,0.33796581625938416,0.1587422639131546,84.07599778836956,3068,results/unified_students/RAFDB_vae9182_betaKD_b070_T6_224_amp_classw/2026-06-18-20-47-38
RAFDB_vae9182_betaKD_b070_T6_224_best_400e_swa200,2026-06-20-08-38-09,best,False,argmax val_acc over epochs (PEEKS at eval set),42,400,200,1.0,vich,139,90.05867004394531,0.029168343295329864,0.3415886163711548,0.16056543588638306,85.1850740524226,3068,results/unified_students/RAFDB_vae9182_betaKD_b070_T6_224_best_400e_swa200/2026-06-20-08-38-09
RAFDB_vae9182_betaKD_b070_T6_224_best_400e_swa200,2026-06-20-08-38-09,last,True,"final epoch, fixed rule",42,400,200,1.0,vich,400,89.86310577392578,0.030903606654923154,0.3276837468147278,0.1556362360715866,84.5662728735755,3068,results/unified_students/RAFDB_vae9182_betaKD_b070_T6_224_best_400e_swa200/2026-06-20-08-38-09
RAFDB_vae9182_betaKD_b070_T6_224_best_400e_swa200,2026-06-20-08-38-09,swa,True,"SWA average over [swa_start, epochs], fixed rule",42,400,200,1.0,vich,,89.63494110107422,0.03395739449807376,0.329348623752594,0.15704232454299927,84.16484757253274,3068,results/unified_students/RAFDB_vae9182_betaKD_b070_T6_224_best_400e_swa200/2026-06-20-08-38-09
RAFDB_vae9182_betaKD_b070_T6_224_best_400e_swa200_seed1,2026-07-17-18-01-41,best,False,argmax val_acc over epochs (PEEKS at eval set),1,400,200,1.0,vich,335,90.35202026367188,0.02806507041277133,0.32549378275871277,0.15249104797840118,84.77973375015378,3068,results/unified_students/RAFDB_vae9182_betaKD_b070_T6_224_best_400e_swa200_seed1/2026-07-17-18-01-41
RAFDB_vae9182_betaKD_b070_T6_224_best_400e_swa200_seed1,2026-07-17-18-01-41,last,True,"final epoch, fixed rule",1,400,200,1.0,vich,400,89.96088409423828,0.031716628949676376,0.3220503032207489,0.1525452733039856,84.33935243387819,3068,results/unified_students/RAFDB_vae9182_betaKD_b070_T6_224_best_400e_swa200_seed1/2026-07-17-18-01-41
RAFDB_vae9182_betaKD_b070_T6_224_best_400e_swa200_seed1,2026-07-17-18-01-41,swa,True,"SWA average over [swa_start, epochs], fixed rule",1,400,200,1.0,vich,,89.86310577392578,0.03425653685841132,0.3233245015144348,0.15382319688796997,84.22136755971302,3068,results/unified_students/RAFDB_vae9182_betaKD_b070_T6_224_best_400e_swa200_seed1/2026-07-17-18-01-41
RAFDB_vae9182_betaKD_b070_T6_224_best_400e_swa200_seed43,2026-07-17-22-05-44,best,False,argmax val_acc over epochs (PEEKS at eval set),43,400,200,1.0,vich,331,90.4172134399414,0.025095202626157772,0.31478288769721985,0.1497858166694641,85.44209147462347,3068,results/unified_students/RAFDB_vae9182_betaKD_b070_T6_224_best_400e_swa200_seed43/2026-07-17-22-05-44
RAFDB_vae9182_betaKD_b070_T6_224_best_400e_swa200_seed43,2026-07-17-22-05-44,last,True,"final epoch, fixed rule",43,400,200,1.0,vich,400,89.63494110107422,0.029592458678426456,0.32634735107421875,0.1558021605014801,84.41670821697825,3068,results/unified_students/RAFDB_vae9182_betaKD_b070_T6_224_best_400e_swa200_seed43/2026-07-17-22-05-44
RAFDB_vae9182_betaKD_b070_T6_224_best_400e_swa200_seed43,2026-07-17-22-05-44,swa,True,"SWA average over [swa_start, epochs], fixed rule",43,400,200,1.0,vich,,90.35202026367188,0.030657777137753237,0.3106333613395691,0.14777490496635437,85.53242027441372,3068,results/unified_students/RAFDB_vae9182_betaKD_b070_T6_224_best_400e_swa200_seed43/2026-07-17-22-05-44
RAFDB_vae9182_betaKD_b070_T6_256_amp_classw,2026-06-18-16-41-52,best,False,argmax val_acc over epochs (PEEKS at eval set),42,200,90,1.0,vich,196,87.71186828613281,0.03357901138094445,0.3834616541862488,0.18378055095672607,81.7046146020191,3068,results/unified_students/RAFDB_vae9182_betaKD_b070_T6_256_amp_classw/2026-06-18-16-41-52
RAFDB_vae9182_betaKD_b070_T6_256_amp_classw,2026-06-18-16-41-52,last,True,"final epoch, fixed rule",42,200,90,1.0,vich,200,87.51629638671875,0.030909277158734698,0.37190869450569153,0.1780710369348526,81.06455570823508,3068,results/unified_students/RAFDB_vae9182_betaKD_b070_T6_256_amp_classw/2026-06-18-16-41-52
RAFDB_vae9182_betaKD_b070_T6_256_amp_classw,2026-06-18-16-41-52,swa,True,"SWA average over [swa_start, epochs], fixed rule",42,200,90,1.0,vich,,87.80964660644531,0.0369774438926496,0.3847525715827942,0.18416079878807068,82.25934859117716,3068,results/unified_students/RAFDB_vae9182_betaKD_b070_T6_256_amp_classw/2026-06-18-16-41-52
RAFDB_vae9182_combined_g2g_adaptive_t_b070_T6_224_400e_swa200,2026-07-19-18-37-58,best,False,argmax val_acc over epochs (PEEKS at eval set),42,400,200,1.0,vich,240,89.86310577392578,0.03153854471569422,0.34275582432746887,0.16082663834095,83.77368715732949,3068,results/unified_students/RAFDB_vae9182_combined_g2g_adaptive_t_b070_T6_224_400e_swa200/2026-07-19-18-37-58
RAFDB_vae9182_combined_g2g_adaptive_t_b070_T6_224_400e_swa200,2026-07-19-18-37-58,last,True,"final epoch, fixed rule",42,400,200,1.0,vich,400,88.68970489501953,0.03134999947314001,0.3436007797718048,0.16226503252983093,82.23665370054671,3068,results/unified_students/RAFDB_vae9182_combined_g2g_adaptive_t_b070_T6_224_400e_swa200/2026-07-19-18-37-58
RAFDB_vae9182_combined_g2g_adaptive_t_b070_T6_224_400e_swa200,2026-07-19-18-37-58,swa,True,"SWA average over [swa_start, epochs], fixed rule",42,400,200,1.0,vich,,89.56975555419922,0.03212737842830872,0.33283814787864685,0.1571010947227478,83.34637917464795,3068,results/unified_students/RAFDB_vae9182_combined_g2g_adaptive_t_b070_T6_224_400e_swa200/2026-07-19-18-37-58
RAFDB_vae9182_combined_g2g_adaptive_t_b070_T6_224_500e_swa200,2026-07-20-02-14-04,best,False,argmax val_acc over epochs (PEEKS at eval set),42,500,200,1.0,vich,413,90.5475845336914,0.02758815334781985,0.31857654452323914,0.1478196531534195,85.0325753467115,3068,results/unified_students/RAFDB_vae9182_combined_g2g_adaptive_t_b070_T6_224_500e_swa200/2026-07-20-02-14-04
RAFDB_vae9182_combined_g2g_adaptive_t_b070_T6_224_500e_swa200,2026-07-20-02-14-04,last,True,"final epoch, fixed rule",42,500,200,1.0,vich,500,89.56975555419922,0.032323313248009855,0.3258664906024933,0.15212750434875488,83.79307163610606,3068,results/unified_students/RAFDB_vae9182_combined_g2g_adaptive_t_b070_T6_224_500e_swa200/2026-07-20-02-14-04
RAFDB_vae9182_combined_g2g_adaptive_t_b070_T6_224_500e_swa200,2026-07-20-02-14-04,swa,True,"SWA average over [swa_start, epochs], fixed rule",42,500,200,1.0,vich,,89.83050537109375,0.03334554250812282,0.32013794779777527,0.15200939774513245,84.4350683557424,3068,results/unified_students/RAFDB_vae9182_combined_g2g_adaptive_t_b070_T6_224_500e_swa200/2026-07-20-02-14-04
RAFDB_vae9182_combined_g2g_adaptive_t_b070_T6_224_500e_swa200_seed1,2026-07-20-13-22-03,best,False,argmax val_acc over epochs (PEEKS at eval set),1,500,200,1.0,vich,234,90.38461303710938,0.03357545868281125,0.3249222934246063,0.1516619175672531,85.07457718800968,3068,results/unified_students/RAFDB_vae9182_combined_g2g_adaptive_t_b070_T6_224_500e_swa200_seed1/2026-07-20-13-22-03
RAFDB_vae9182_combined_g2g_adaptive_t_b070_T6_224_500e_swa200_seed1,2026-07-20-13-22-03,last,True,"final epoch, fixed rule",1,500,200,1.0,vich,500,89.79791259765625,0.02997813263065345,0.3389764726161957,0.15600842237472534,84.27041493343063,3068,results/unified_students/RAFDB_vae9182_combined_g2g_adaptive_t_b070_T6_224_500e_swa200_seed1/2026-07-20-13-22-03
RAFDB_vae9182_combined_g2g_adaptive_t_b070_T6_224_500e_swa200_seed1,2026-07-20-13-22-03,swa,True,"SWA average over [swa_start, epochs], fixed rule",1,500,200,1.0,vich,,90.18904876708984,0.03757277846025519,0.3156483769416809,0.1508323699235916,84.90788080858135,3068,results/unified_students/RAFDB_vae9182_combined_g2g_adaptive_t_b070_T6_224_500e_swa200_seed1/2026-07-20-13-22-03
RAFDB_vae9182_combined_g2g_adaptive_t_b070_T6_224_500e_swa200_seed43,2026-07-20-13-22-48,best,False,argmax val_acc over epochs (PEEKS at eval set),43,500,200,1.0,vich,397,90.77574920654297,0.032157347558219244,0.31587091088294983,0.14744997024536133,85.3617287430635,3068,results/unified_students/RAFDB_vae9182_combined_g2g_adaptive_t_b070_T6_224_500e_swa200_seed43/2026-07-20-13-22-48
RAFDB_vae9182_combined_g2g_adaptive_t_b070_T6_224_500e_swa200_seed43,2026-07-20-13-22-48,last,True,"final epoch, fixed rule",43,500,200,1.0,vich,500,89.70013427734375,0.031234951114289297,0.32091864943504333,0.15160711109638214,83.43713707115121,3068,results/unified_students/RAFDB_vae9182_combined_g2g_adaptive_t_b070_T6_224_500e_swa200_seed43/2026-07-20-13-22-48
RAFDB_vae9182_combined_g2g_adaptive_t_b070_T6_224_500e_swa200_seed43,2026-07-20-13-22-48,swa,True,"SWA average over [swa_start, epochs], fixed rule",43,500,200,1.0,vich,,90.22164154052734,0.03160078138734713,0.31005406379699707,0.14638538658618927,84.89784913722386,3068,results/unified_students/RAFDB_vae9182_combined_g2g_adaptive_t_b070_T6_224_500e_swa200_seed43/2026-07-20-13-22-48
RAFDB_vae9182_ctkd_b070_T6_224_400e_swa200,2026-07-19-04-36-29,best,False,argmax val_acc over epochs (PEEKS at eval set),42,400,200,1.0,vich,327,89.89569854736328,0.031904186077192524,0.324363112449646,0.1543360948562622,84.77646749334089,3068,results/unified_students/RAFDB_vae9182_ctkd_b070_T6_224_400e_swa200/2026-07-19-04-36-29
RAFDB_vae9182_ctkd_b070_T6_224_400e_swa200,2026-07-19-04-36-29,last,True,"final epoch, fixed rule",42,400,200,1.0,vich,400,89.43937683105469,0.03353328012036842,0.33838239312171936,0.16377834975719452,84.50365899281447,3068,results/unified_students/RAFDB_vae9182_ctkd_b070_T6_224_400e_swa200/2026-07-19-04-36-29
RAFDB_vae9182_ctkd_b070_T6_224_400e_swa200,2026-07-19-04-36-29,swa,True,"SWA average over [swa_start, epochs], fixed rule",42,400,200,1.0,vich,,89.50456237792969,0.03777074985779249,0.33134183287620544,0.15898065268993378,83.92621295941046,3068,results/unified_students/RAFDB_vae9182_ctkd_b070_T6_224_400e_swa200/2026-07-19-04-36-29
RAFDB_vae9182_frontier_w050_b070_T6_224_400e_swa200_seed1,2026-07-28-05-52-00,best,False,argmax val_acc over epochs (PEEKS at eval set),1,400,200,1.0,vich,234,86.2451171875,0.033630758222809365,0.4454237222671509,0.21350885927677155,78.2059544959244,3068,results/unified_students/RAFDB_vae9182_frontier_w050_b070_T6_224_400e_swa200_seed1/2026-07-28-05-52-00
RAFDB_vae9182_frontier_w050_b070_T6_224_400e_swa200_seed1,2026-07-28-05-52-00,last,True,"final epoch, fixed rule",1,400,200,1.0,vich,400,85.20208740234375,0.0375530961439538,0.45357418060302734,0.21615879237651825,76.97575265422877,3068,results/unified_students/RAFDB_vae9182_frontier_w050_b070_T6_224_400e_swa200_seed1/2026-07-28-05-52-00
RAFDB_vae9182_frontier_w050_b070_T6_224_400e_swa200_seed1,2026-07-28-05-52-00,swa,True,"SWA average over [swa_start, epochs], fixed rule",1,400,200,1.0,vich,,86.08213806152344,0.035334425020326694,0.4390209913253784,0.20961198210716248,78.18070885984514,3068,results/unified_students/RAFDB_vae9182_frontier_w050_b070_T6_224_400e_swa200_seed1/2026-07-28-05-52-00
RAFDB_vae9182_frontier_w050_b070_T6_224_400e_swa200_seed42,2026-07-28-05-50-58,best,False,argmax val_acc over epochs (PEEKS at eval set),42,400,200,1.0,vich,353,86.53846740722656,0.03696997268210411,0.4290298521518707,0.20327959954738617,77.85700074700536,3068,results/unified_students/RAFDB_vae9182_frontier_w050_b070_T6_224_400e_swa200_seed42/2026-07-28-05-50-58
RAFDB_vae9182_frontier_w050_b070_T6_224_400e_swa200_seed42,2026-07-28-05-50-58,last,True,"final epoch, fixed rule",42,400,200,1.0,vich,400,85.9517593383789,0.03893712025519456,0.43420377373695374,0.2091783881187439,77.29485284933128,3068,results/unified_students/RAFDB_vae9182_frontier_w050_b070_T6_224_400e_swa200_seed42/2026-07-28-05-50-58
RAFDB_vae9182_frontier_w050_b070_T6_224_400e_swa200_seed42,2026-07-28-05-50-58,swa,True,"SWA average over [swa_start, epochs], fixed rule",42,400,200,1.0,vich,,86.14732360839844,0.042647180245822536,0.42564114928245544,0.2046477347612381,77.76595912699192,3068,results/unified_students/RAFDB_vae9182_frontier_w050_b070_T6_224_400e_swa200_seed42/2026-07-28-05-50-58
RAFDB_vae9182_frontier_w050_b070_T6_224_400e_swa200_seed43,2026-07-28-09-16-09,best,False,argmax val_acc over epochs (PEEKS at eval set),43,400,200,1.0,vich,388,86.3428955078125,0.03564081773297883,0.43206799030303955,0.2070205807685852,78.69259218816637,3068,results/unified_students/RAFDB_vae9182_frontier_w050_b070_T6_224_400e_swa200_seed43/2026-07-28-09-16-09
RAFDB_vae9182_frontier_w050_b070_T6_224_400e_swa200_seed43,2026-07-28-09-16-09,last,True,"final epoch, fixed rule",43,400,200,1.0,vich,400,86.2451171875,0.041418956735959425,0.4314037561416626,0.20465466380119324,78.16107228740823,3068,results/unified_students/RAFDB_vae9182_frontier_w050_b070_T6_224_400e_swa200_seed43/2026-07-28-09-16-09
RAFDB_vae9182_frontier_w050_b070_T6_224_400e_swa200_seed43,2026-07-28-09-16-09,swa,True,"SWA average over [swa_start, epochs], fixed rule",43,400,200,1.0,vich,,86.21251678466797,0.031389085651221144,0.4303709864616394,0.20532190799713135,78.73795649173863,3068,results/unified_students/RAFDB_vae9182_frontier_w050_b070_T6_224_400e_swa200_seed43/2026-07-28-09-16-09
RAFDB_vae9182_frontier_w050_tempscale_T170_b070_T6_224_400e_swa200_seed1,2026-07-30-05-26-39,best,False,argmax val_acc over epochs (PEEKS at eval set),1,400,200,1.7,vich,336,86.66883850097656,0.15714631455487812,0.5584338307380676,0.2339891791343689,79.40721325704473,3068,results/unified_students/RAFDB_vae9182_frontier_w050_tempscale_T170_b070_T6_224_400e_swa200_seed1/2026-07-30-05-26-39
RAFDB_vae9182_frontier_w050_tempscale_T170_b070_T6_224_400e_swa200_seed1,2026-07-30-05-26-39,last,True,"final epoch, fixed rule",1,400,200,1.7,vich,400,86.2451171875,0.13056337299138657,0.536770761013031,0.22593532502651215,78.32515919002729,3068,results/unified_students/RAFDB_vae9182_frontier_w050_tempscale_T170_b070_T6_224_400e_swa200_seed1/2026-07-30-05-26-39
RAFDB_vae9182_frontier_w050_tempscale_T170_b070_T6_224_400e_swa200_seed1,2026-07-30-05-26-39,swa,True,"SWA average over [swa_start, epochs], fixed rule",1,400,200,1.7,vich,,86.4080810546875,0.12641340242565224,0.5266627669334412,0.22158214449882507,78.11702604027138,3068,results/unified_students/RAFDB_vae9182_frontier_w050_tempscale_T170_b070_T6_224_400e_swa200_seed1/2026-07-30-05-26-39
RAFDB_vae9182_frontier_w050_tempscale_T170_b070_T6_224_400e_swa200_seed42,2026-07-30-01-56-53,best,False,argmax val_acc over epochs (PEEKS at eval set),42,400,200,1.7,vich,383,87.02737426757812,0.14330419950488338,0.5313486456871033,0.22284471988677979,79.45489558727127,3068,results/unified_students/RAFDB_vae9182_frontier_w050_tempscale_T170_b070_T6_224_400e_swa200_seed42/2026-07-30-01-56-53
RAFDB_vae9182_frontier_w050_tempscale_T170_b070_T6_224_400e_swa200_seed42,2026-07-30-01-56-53,last,True,"final epoch, fixed rule",42,400,200,1.7,vich,400,86.7992172241211,0.1469910632056394,0.5332692861557007,0.22220511734485626,78.73940872145192,3068,results/unified_students/RAFDB_vae9182_frontier_w050_tempscale_T170_b070_T6_224_400e_swa200_seed42/2026-07-30-01-56-53
RAFDB_vae9182_frontier_w050_tempscale_T170_b070_T6_224_400e_swa200_seed42,2026-07-30-01-56-53,swa,True,"SWA average over [swa_start, epochs], fixed rule",42,400,200,1.7,vich,,86.08213806152344,0.12080895252807511,0.5161685347557068,0.2173224836587906,78.2373381975211,3068,results/unified_students/RAFDB_vae9182_frontier_w050_tempscale_T170_b070_T6_224_400e_swa200_seed42/2026-07-30-01-56-53
RAFDB_vae9182_frontier_w050_tempscale_T220_b070_T6_224_400e_swa200_seed1,2026-07-30-05-26-39,best,False,argmax val_acc over epochs (PEEKS at eval set),1,400,200,2.2,vich,334,86.04954528808594,0.20117248146948946,0.6237599849700928,0.2586260139942169,79.20185741107926,3068,results/unified_students/RAFDB_vae9182_frontier_w050_tempscale_T220_b070_T6_224_400e_swa200_seed1/2026-07-30-05-26-39
RAFDB_vae9182_frontier_w050_tempscale_T220_b070_T6_224_400e_swa200_seed1,2026-07-30-05-26-39,last,True,"final epoch, fixed rule",1,400,200,2.2,vich,400,85.65840911865234,0.20295304824468208,0.6345999836921692,0.2647598385810852,78.3980325064657,3068,results/unified_students/RAFDB_vae9182_frontier_w050_tempscale_T220_b070_T6_224_400e_swa200_seed1/2026-07-30-05-26-39
RAFDB_vae9182_frontier_w050_tempscale_T220_b070_T6_224_400e_swa200_seed1,2026-07-30-05-26-39,swa,True,"SWA average over [swa_start, epochs], fixed rule",1,400,200,2.2,vich,,86.14732360839844,0.20536427662709078,0.6255781054496765,0.25922611355781555,78.97129576702694,3068,results/unified_students/RAFDB_vae9182_frontier_w050_tempscale_T220_b070_T6_224_400e_swa200_seed1/2026-07-30-05-26-39
RAFDB_vae9182_frontier_w050_tempscale_T220_b070_T6_224_400e_swa200_seed42,2026-07-30-01-56-52,best,False,argmax val_acc over epochs (PEEKS at eval set),42,400,200,2.2,vich,395,85.36505889892578,0.21822242134747324,0.6663859486579895,0.27973318099975586,77.01399011312203,3068,results/unified_students/RAFDB_vae9182_frontier_w050_tempscale_T220_b070_T6_224_400e_swa200_seed42/2026-07-30-01-56-52
RAFDB_vae9182_frontier_w050_tempscale_T220_b070_T6_224_400e_swa200_seed42,2026-07-30-01-56-52,last,True,"final epoch, fixed rule",42,400,200,2.2,vich,400,84.74576568603516,0.2180459309840451,0.672211229801178,0.2830425500869751,76.38890507443502,3068,results/unified_students/RAFDB_vae9182_frontier_w050_tempscale_T220_b070_T6_224_400e_swa200_seed42/2026-07-30-01-56-52
RAFDB_vae9182_frontier_w050_tempscale_T220_b070_T6_224_400e_swa200_seed42,2026-07-30-01-56-52,swa,True,"SWA average over [swa_start, epochs], fixed rule",42,400,200,2.2,vich,,84.61538696289062,0.19300589736215917,0.6421351432800293,0.26927947998046875,76.41100751113949,3068,results/unified_students/RAFDB_vae9182_frontier_w050_tempscale_T220_b070_T6_224_400e_swa200_seed42/2026-07-30-01-56-52
RAFDB_vae9182_frontier_w075_b070_T6_224_400e_swa200_seed1,2026-07-28-12-59-07,best,False,argmax val_acc over epochs (PEEKS at eval set),1,400,200,1.0,vich,324,87.77705383300781,0.027575547936842366,0.392549067735672,0.18680092692375183,80.15252574704475,3068,results/unified_students/RAFDB_vae9182_frontier_w075_b070_T6_224_400e_swa200_seed1/2026-07-28-12-59-07
RAFDB_vae9182_frontier_w075_b070_T6_224_400e_swa200_seed1,2026-07-28-12-59-07,last,True,"final epoch, fixed rule",1,400,200,1.0,vich,400,86.99478149414062,0.0393862994691306,0.404164582490921,0.19397571682929993,79.72482710824497,3068,results/unified_students/RAFDB_vae9182_frontier_w075_b070_T6_224_400e_swa200_seed1/2026-07-28-12-59-07
RAFDB_vae9182_frontier_w075_b070_T6_224_400e_swa200_seed1,2026-07-28-12-59-07,swa,True,"SWA average over [swa_start, epochs], fixed rule",1,400,200,1.0,vich,,87.38591766357422,0.04348179646506614,0.39139267802238464,0.1870393306016922,80.44433206527755,3068,results/unified_students/RAFDB_vae9182_frontier_w075_b070_T6_224_400e_swa200_seed1/2026-07-28-12-59-07
RAFDB_vae9182_frontier_w075_b070_T6_224_400e_swa200_seed42,2026-07-28-09-16-29,best,False,argmax val_acc over epochs (PEEKS at eval set),42,400,200,1.0,vich,371,87.38591766357422,0.03709584741696541,0.4006604254245758,0.19089378416538239,80.40631830577342,3068,results/unified_students/RAFDB_vae9182_frontier_w075_b070_T6_224_400e_swa200_seed42/2026-07-28-09-16-29
RAFDB_vae9182_frontier_w075_b070_T6_224_400e_swa200_seed42,2026-07-28-09-16-29,last,True,"final epoch, fixed rule",42,400,200,1.0,vich,400,86.27770233154297,0.0389089726465311,0.4163915812969208,0.19982945919036865,79.0318288910805,3068,results/unified_students/RAFDB_vae9182_frontier_w075_b070_T6_224_400e_swa200_seed42/2026-07-28-09-16-29
RAFDB_vae9182_frontier_w075_b070_T6_224_400e_swa200_seed42,2026-07-28-09-16-29,swa,True,"SWA average over [swa_start, epochs], fixed rule",42,400,200,1.0,vich,,87.32073211669922,0.03529850282309263,0.40889549255371094,0.19322651624679565,80.67911563140763,3068,results/unified_students/RAFDB_vae9182_frontier_w075_b070_T6_224_400e_swa200_seed42/2026-07-28-09-16-29
RAFDB_vae9182_frontier_w075_b070_T6_224_400e_swa200_seed43,2026-07-28-12-59-33,best,False,argmax val_acc over epochs (PEEKS at eval set),43,400,200,1.0,vich,369,87.67926788330078,0.03414932239164429,0.40018564462661743,0.1904045045375824,81.33398659222973,3068,results/unified_students/RAFDB_vae9182_frontier_w075_b070_T6_224_400e_swa200_seed43/2026-07-28-12-59-33
RAFDB_vae9182_frontier_w075_b070_T6_224_400e_swa200_seed43,2026-07-28-12-59-33,last,True,"final epoch, fixed rule",43,400,200,1.0,vich,400,87.12516784667969,0.037728221613471793,0.408385306596756,0.1952742636203766,80.12931740371735,3068,results/unified_students/RAFDB_vae9182_frontier_w075_b070_T6_224_400e_swa200_seed43/2026-07-28-12-59-33
RAFDB_vae9182_frontier_w075_b070_T6_224_400e_swa200_seed43,2026-07-28-12-59-33,swa,True,"SWA average over [swa_start, epochs], fixed rule",43,400,200,1.0,vich,,87.22294616699219,0.037642984805237666,0.3985660672187805,0.18982596695423126,80.43707332917077,3068,results/unified_students/RAFDB_vae9182_frontier_w075_b070_T6_224_400e_swa200_seed43/2026-07-28-12-59-33
RAFDB_vae9182_frontier_w100ns_b070_T6_224_400e_swa200_seed1,2026-07-28-17-21-11,best,False,argmax val_acc over epochs (PEEKS at eval set),1,400,200,1.0,vich,380,88.1355972290039,0.03527581707284224,0.3791590631008148,0.17996227741241455,81.42051001797188,3068,results/unified_students/RAFDB_vae9182_frontier_w100ns_b070_T6_224_400e_swa200_seed1/2026-07-28-17-21-11
RAFDB_vae9182_frontier_w100ns_b070_T6_224_400e_swa200_seed1,2026-07-28-17-21-11,last,True,"final epoch, fixed rule",1,400,200,1.0,vich,400,87.38591766357422,0.030963527925089097,0.3842364549636841,0.18366453051567078,80.52300208237959,3068,results/unified_students/RAFDB_vae9182_frontier_w100ns_b070_T6_224_400e_swa200_seed1/2026-07-28-17-21-11
RAFDB_vae9182_frontier_w100ns_b070_T6_224_400e_swa200_seed1,2026-07-28-17-21-11,swa,True,"SWA average over [swa_start, epochs], fixed rule",1,400,200,1.0,vich,,87.94002532958984,0.040950008472512726,0.38375037908554077,0.18279695510864258,80.81733544347784,3068,results/unified_students/RAFDB_vae9182_frontier_w100ns_b070_T6_224_400e_swa200_seed1/2026-07-28-17-21-11
RAFDB_vae9182_frontier_w100ns_b070_T6_224_400e_swa200_seed42,2026-07-28-17-21-01,best,False,argmax val_acc over epochs (PEEKS at eval set),42,400,200,1.0,vich,390,88.52672576904297,0.03299057370020171,0.3778826892375946,0.17924931645393372,81.74021296558405,3068,results/unified_students/RAFDB_vae9182_frontier_w100ns_b070_T6_224_400e_swa200_seed42/2026-07-28-17-21-01
RAFDB_vae9182_frontier_w100ns_b070_T6_224_400e_swa200_seed42,2026-07-28-17-21-01,last,True,"final epoch, fixed rule",42,400,200,1.0,vich,400,87.94002532958984,0.02571632921443147,0.3868863880634308,0.1814398318529129,81.45782001808655,3068,results/unified_students/RAFDB_vae9182_frontier_w100ns_b070_T6_224_400e_swa200_seed42/2026-07-28-17-21-01
RAFDB_vae9182_frontier_w100ns_b070_T6_224_400e_swa200_seed42,2026-07-28-17-21-01,swa,True,"SWA average over [swa_start, epochs], fixed rule",42,400,200,1.0,vich,,88.2333755493164,0.035655188465289374,0.3725084960460663,0.176800936460495,81.62559509562682,3068,results/unified_students/RAFDB_vae9182_frontier_w100ns_b070_T6_224_400e_swa200_seed42/2026-07-28-17-21-01
RAFDB_vae9182_frontier_w100ns_b070_T6_224_400e_swa200_seed43,2026-07-28-21-29-29,best,False,argmax val_acc over epochs (PEEKS at eval set),43,400,200,1.0,vich,377,88.33116149902344,0.030340539138506727,0.3725321292877197,0.1769041121006012,81.60935672922754,3068,results/unified_students/RAFDB_vae9182_frontier_w100ns_b070_T6_224_400e_swa200_seed43/2026-07-28-21-29-29
RAFDB_vae9182_frontier_w100ns_b070_T6_224_400e_swa200_seed43,2026-07-28-21-29-29,last,True,"final epoch, fixed rule",43,400,200,1.0,vich,400,88.00521850585938,0.03892810758314978,0.37822309136390686,0.18142899870872498,81.8574230915533,3068,results/unified_students/RAFDB_vae9182_frontier_w100ns_b070_T6_224_400e_swa200_seed43/2026-07-28-21-29-29
RAFDB_vae9182_frontier_w100ns_b070_T6_224_400e_swa200_seed43,2026-07-28-21-29-29,swa,True,"SWA average over [swa_start, epochs], fixed rule",43,400,200,1.0,vich,,88.10299682617188,0.03571978996288046,0.37620654702186584,0.17982228100299835,81.76392695860315,3068,results/unified_students/RAFDB_vae9182_frontier_w100ns_b070_T6_224_400e_swa200_seed43/2026-07-28-21-29-29
RAFDB_vae9182_frontier_w100ns_tempscale_T170_b070_T6_224_400e_swa200_seed1,2026-08-08-12-08-14,best,False,argmax val_acc over epochs (PEEKS at eval set),1,400,200,1.7,vich,275,87.87483215332031,0.14270225271213474,0.5038058161735535,0.20928165316581726,81.01107245992067,3068,results/unified_students/RAFDB_vae9182_frontier_w100ns_tempscale_T170_b070_T6_224_400e_swa200_seed1/2026-08-08-12-08-14
RAFDB_vae9182_frontier_w100ns_tempscale_T170_b070_T6_224_400e_swa200_seed1,2026-08-08-12-08-14,last,True,"final epoch, fixed rule",1,400,200,1.7,vich,400,87.09256744384766,0.1291561052397457,0.4978119134902954,0.2086881846189499,80.04671412603467,3068,results/unified_students/RAFDB_vae9182_frontier_w100ns_tempscale_T170_b070_T6_224_400e_swa200_seed1/2026-08-08-12-08-14
RAFDB_vae9182_frontier_w100ns_tempscale_T170_b070_T6_224_400e_swa200_seed1,2026-08-08-12-08-14,swa,True,"SWA average over [swa_start, epochs], fixed rule",1,400,200,1.7,vich,,88.07040405273438,0.11905692514357541,0.4717940092086792,0.19589407742023468,81.245181656863,3068,results/unified_students/RAFDB_vae9182_frontier_w100ns_tempscale_T170_b070_T6_224_400e_swa200_seed1/2026-08-08-12-08-14
RAFDB_vae9182_frontier_w100ns_tempscale_T170_b070_T6_224_400e_swa200_seed42,2026-08-08-09-52-11,best,False,argmax val_acc over epochs (PEEKS at eval set),42,400,200,1.7,vich,355,87.61408233642578,0.1377176155653118,0.5049428343772888,0.20998787879943848,80.75955214615117,3068,results/unified_students/RAFDB_vae9182_frontier_w100ns_tempscale_T170_b070_T6_224_400e_swa200_seed42/2026-08-08-09-52-11
RAFDB_vae9182_frontier_w100ns_tempscale_T170_b070_T6_224_400e_swa200_seed42,2026-08-08-09-52-11,last,True,"final epoch, fixed rule",42,400,200,1.7,vich,400,87.12516784667969,0.16794744822180876,0.539225697517395,0.22371885180473328,80.77824322542524,3068,results/unified_students/RAFDB_vae9182_frontier_w100ns_tempscale_T170_b070_T6_224_400e_swa200_seed42/2026-08-08-09-52-11
RAFDB_vae9182_frontier_w100ns_tempscale_T170_b070_T6_224_400e_swa200_seed42,2026-08-08-09-52-11,swa,True,"SWA average over [swa_start, epochs], fixed rule",42,400,200,1.7,vich,,87.41851806640625,0.1175241395199703,0.48515647649765015,0.20278795063495636,80.87713028091068,3068,results/unified_students/RAFDB_vae9182_frontier_w100ns_tempscale_T170_b070_T6_224_400e_swa200_seed42/2026-08-08-09-52-11
RAFDB_vae9182_frontier_w100ns_tempscale_T220_b070_T6_224_400e_swa200_seed1,2026-08-08-16-49-26,best,False,argmax val_acc over epochs (PEEKS at eval set),1,400,200,2.2,vich,380,87.64667510986328,0.22863499542414134,0.6163012385368347,0.25410154461860657,81.40935522246022,3068,results/unified_students/RAFDB_vae9182_frontier_w100ns_tempscale_T220_b070_T6_224_400e_swa200_seed1/2026-08-08-16-49-26
RAFDB_vae9182_frontier_w100ns_tempscale_T220_b070_T6_224_400e_swa200_seed1,2026-08-08-16-49-26,last,True,"final epoch, fixed rule",1,400,200,2.2,vich,400,87.38591766357422,0.21601796224033354,0.6051200032234192,0.24937190115451813,80.01917314572289,3068,results/unified_students/RAFDB_vae9182_frontier_w100ns_tempscale_T220_b070_T6_224_400e_swa200_seed1/2026-08-08-16-49-26
RAFDB_vae9182_frontier_w100ns_tempscale_T220_b070_T6_224_400e_swa200_seed1,2026-08-08-16-49-26,swa,True,"SWA average over [swa_start, epochs], fixed rule",1,400,200,2.2,vich,,87.67926788330078,0.19916695341798132,0.575142502784729,0.23462550342082977,80.674814307867,3068,results/unified_students/RAFDB_vae9182_frontier_w100ns_tempscale_T220_b070_T6_224_400e_swa200_seed1/2026-08-08-16-49-26
RAFDB_vae9182_frontier_w100ns_tempscale_T220_b070_T6_224_400e_swa200_seed42,2026-08-08-14-27-20,best,False,argmax val_acc over epochs (PEEKS at eval set),42,400,200,2.2,vich,360,87.45110321044922,0.2170220825874588,0.6065992712974548,0.249398872256279,80.11576943882746,3068,results/unified_students/RAFDB_vae9182_frontier_w100ns_tempscale_T220_b070_T6_224_400e_swa200_seed42/2026-08-08-14-27-20
RAFDB_vae9182_frontier_w100ns_tempscale_T220_b070_T6_224_400e_swa200_seed42,2026-08-08-14-27-20,last,True,"final epoch, fixed rule",42,400,200,2.2,vich,400,87.28813171386719,0.23943304330732237,0.6330339312553406,0.2623864412307739,80.0686130652267,3068,results/unified_students/RAFDB_vae9182_frontier_w100ns_tempscale_T220_b070_T6_224_400e_swa200_seed42/2026-08-08-14-27-20
RAFDB_vae9182_frontier_w100ns_tempscale_T220_b070_T6_224_400e_swa200_seed42,2026-08-08-14-27-20,swa,True,"SWA average over [swa_start, epochs], fixed rule",42,400,200,2.2,vich,,87.77705383300781,0.19871017895396095,0.5767436623573303,0.23463521897792816,80.86556031111101,3068,results/unified_students/RAFDB_vae9182_frontier_w100ns_tempscale_T220_b070_T6_224_400e_swa200_seed42/2026-08-08-14-27-20
RAFDB_vae9182_g2g_kl_b070_T6_224_400e_swa200,2026-07-18-16-18-13,best,False,argmax val_acc over epochs (PEEKS at eval set),42,400,200,1.0,vich,384,90.22164154052734,0.02580857359484867,0.3276660442352295,0.15236160159111023,85.55269408778562,3068,results/unified_students/RAFDB_vae9182_g2g_kl_b070_T6_224_400e_swa200/2026-07-18-16-18-13
RAFDB_vae9182_g2g_kl_b070_T6_224_400e_swa200,2026-07-18-16-18-13,last,True,"final epoch, fixed rule",42,400,200,1.0,vich,400,89.96088409423828,0.02308912621871744,0.33455890417099,0.15385578572750092,84.49656977693458,3068,results/unified_students/RAFDB_vae9182_g2g_kl_b070_T6_224_400e_swa200/2026-07-18-16-18-13
RAFDB_vae9182_g2g_kl_b070_T6_224_400e_swa200,2026-07-18-16-18-13,swa,True,"SWA average over [swa_start, epochs], fixed rule",42,400,200,1.0,vich,,90.22164154052734,0.030292009776931694,0.32431674003601074,0.15253624320030212,84.79360022750973,3068,results/unified_students/RAFDB_vae9182_g2g_kl_b070_T6_224_400e_swa200/2026-07-18-16-18-13
RAFDB_vae9182_g2g_kl_b070_T6_224_400e_swa200_seed1,2026-07-20-18-34-47,best,False,argmax val_acc over epochs (PEEKS at eval set),1,400,200,1.0,vich,339,90.22164154052734,0.03321516029099597,0.32091769576072693,0.15172229707241058,84.34125056183086,3068,results/unified_students/RAFDB_vae9182_g2g_kl_b070_T6_224_400e_swa200_seed1/2026-07-20-18-34-47
RAFDB_vae9182_g2g_kl_b070_T6_224_400e_swa200_seed1,2026-07-20-18-34-47,last,True,"final epoch, fixed rule",1,400,200,1.0,vich,400,89.53715515136719,0.03254886235764937,0.3319483995437622,0.1576220840215683,83.8129172258585,3068,results/unified_students/RAFDB_vae9182_g2g_kl_b070_T6_224_400e_swa200_seed1/2026-07-20-18-34-47
RAFDB_vae9182_g2g_kl_b070_T6_224_400e_swa200_seed1,2026-07-20-18-34-47,swa,True,"SWA average over [swa_start, epochs], fixed rule",1,400,200,1.0,vich,,89.99348449707031,0.03577832071380168,0.31840232014656067,0.15114669501781464,84.2358866190282,3068,results/unified_students/RAFDB_vae9182_g2g_kl_b070_T6_224_400e_swa200_seed1/2026-07-20-18-34-47
RAFDB_vae9182_g2g_kl_b070_T6_224_400e_swa200_seed43,2026-07-20-22-40-47,best,False,argmax val_acc over epochs (PEEKS at eval set),43,400,200,1.0,vich,233,90.4172134399414,0.02748614531180383,0.32940608263015747,0.15271514654159546,85.46360363146641,3068,results/unified_students/RAFDB_vae9182_g2g_kl_b070_T6_224_400e_swa200_seed43/2026-07-20-22-40-47
RAFDB_vae9182_g2g_kl_b070_T6_224_400e_swa200_seed43,2026-07-20-22-40-47,last,True,"final epoch, fixed rule",43,400,200,1.0,vich,400,89.53715515136719,0.022410613131336625,0.33177414536476135,0.1553095281124115,83.485424376967,3068,results/unified_students/RAFDB_vae9182_g2g_kl_b070_T6_224_400e_swa200_seed43/2026-07-20-22-40-47
RAFDB_vae9182_g2g_kl_b070_T6_224_400e_swa200_seed43,2026-07-20-22-40-47,swa,True,"SWA average over [swa_start, epochs], fixed rule",43,400,200,1.0,vich,,90.12386322021484,0.03560933834998206,0.3180526793003082,0.14985428750514984,85.06460898778637,3068,results/unified_students/RAFDB_vae9182_g2g_kl_b070_T6_224_400e_swa200_seed43/2026-07-20-22-40-47
RAFDB_vae9182_gate_noclassweight_b070_T6_224_400e_swa200,2026-07-19-13-01-18,best,False,argmax val_acc over epochs (PEEKS at eval set),42,400,200,1.0,vich,398,90.09126281738281,0.031993916425781116,0.3271428942680359,0.15431447327136993,84.50526402821812,3068,results/unified_students/RAFDB_vae9182_gate_noclassweight_b070_T6_224_400e_swa200/2026-07-19-13-01-18
RAFDB_vae9182_gate_noclassweight_b070_T6_224_400e_swa200,2026-07-19-13-01-18,last,True,"final epoch, fixed rule",42,400,200,1.0,vich,400,89.34159088134766,0.029904079804442235,0.33493611216545105,0.15932099521160126,83.77073182543441,3068,results/unified_students/RAFDB_vae9182_gate_noclassweight_b070_T6_224_400e_swa200/2026-07-19-13-01-18
RAFDB_vae9182_gate_noclassweight_b070_T6_224_400e_swa200,2026-07-19-13-01-18,swa,True,"SWA average over [swa_start, epochs], fixed rule",42,400,200,1.0,vich,,89.34159088134766,0.03137261312178092,0.3285432457923889,0.15797162055969238,83.62393958335288,3068,results/unified_students/RAFDB_vae9182_gate_noclassweight_b070_T6_224_400e_swa200/2026-07-19-13-01-18
RAFDB_vae9182_gate_noclassweight_b070_T6_224_400e_swa200_seed1,2026-08-08-05-10-46,best,False,argmax val_acc over epochs (PEEKS at eval set),1,400,200,1.0,vich,306,90.15645599365234,0.023283750561917158,0.32897403836250305,0.154865562915802,84.79801811049072,3068,results/unified_students/RAFDB_vae9182_gate_noclassweight_b070_T6_224_400e_swa200_seed1/2026-08-08-05-10-46
RAFDB_vae9182_gate_noclassweight_b070_T6_224_400e_swa200_seed1,2026-08-08-05-10-46,last,True,"final epoch, fixed rule",1,400,200,1.0,vich,400,89.60234832763672,0.027656367959301664,0.3343247175216675,0.15925519168376923,83.38612249811935,3068,results/unified_students/RAFDB_vae9182_gate_noclassweight_b070_T6_224_400e_swa200_seed1/2026-08-08-05-10-46
RAFDB_vae9182_gate_noclassweight_b070_T6_224_400e_swa200_seed1,2026-08-08-05-10-46,swa,True,"SWA average over [swa_start, epochs], fixed rule",1,400,200,1.0,vich,,90.12386322021484,0.027776858127023903,0.3229180872440338,0.15285371243953705,84.67915760807732,3068,results/unified_students/RAFDB_vae9182_gate_noclassweight_b070_T6_224_400e_swa200_seed1/2026-08-08-05-10-46
RAFDB_vae9182_gate_noclassweight_b070_T6_224_400e_swa200_seed43,2026-08-08-07-31-17,best,False,argmax val_acc over epochs (PEEKS at eval set),43,400,200,1.0,vich,286,89.92829132080078,0.027208058569080047,0.34077897667884827,0.16007182002067566,84.69341544064365,3068,results/unified_students/RAFDB_vae9182_gate_noclassweight_b070_T6_224_400e_swa200_seed43/2026-08-08-07-31-17
RAFDB_vae9182_gate_noclassweight_b070_T6_224_400e_swa200_seed43,2026-08-08-07-31-17,last,True,"final epoch, fixed rule",43,400,200,1.0,vich,400,89.30899810791016,0.03617478097938341,0.3410547375679016,0.162924662232399,83.55172721790207,3068,results/unified_students/RAFDB_vae9182_gate_noclassweight_b070_T6_224_400e_swa200_seed43/2026-08-08-07-31-17
RAFDB_vae9182_gate_noclassweight_b070_T6_224_400e_swa200_seed43,2026-08-08-07-31-17,swa,True,"SWA average over [swa_start, epochs], fixed rule",43,400,200,1.0,vich,,90.15645599365234,0.028581205196921488,0.33058661222457886,0.15609967708587646,84.85352327164874,3068,results/unified_students/RAFDB_vae9182_gate_noclassweight_b070_T6_224_400e_swa200_seed43/2026-08-08-07-31-17
RAFDB_vae9182_gate_oracle_error_b070_T6_224_400e_swa200,2026-07-20-08-19-25,best,False,argmax val_acc over epochs (PEEKS at eval set),42,400,200,1.0,vich,237,89.66753387451172,0.029898750813097497,0.3365704119205475,0.16013598442077637,83.98214660008924,3068,results/unified_students/RAFDB_vae9182_gate_oracle_error_b070_T6_224_400e_swa200/2026-07-20-08-19-25
RAFDB_vae9182_gate_oracle_error_b070_T6_224_400e_swa200,2026-07-20-08-19-25,last,True,"final epoch, fixed rule",42,400,200,1.0,vich,400,89.0482406616211,0.036392109050880514,0.34380975365638733,0.16586168110370636,83.365077235075,3068,results/unified_students/RAFDB_vae9182_gate_oracle_error_b070_T6_224_400e_swa200/2026-07-20-08-19-25
RAFDB_vae9182_gate_oracle_error_b070_T6_224_400e_swa200,2026-07-20-08-19-25,swa,True,"SWA average over [swa_start, epochs], fixed rule",42,400,200,1.0,vich,,89.60234832763672,0.03482143164186154,0.3361547291278839,0.1619519740343094,83.77776661593823,3068,results/unified_students/RAFDB_vae9182_gate_oracle_error_b070_T6_224_400e_swa200/2026-07-20-08-19-25
RAFDB_vae9182_gate_oracle_error_b070_T6_224_400e_swa200_seed1,2026-07-29-23-37-29,best,False,argmax val_acc over epochs (PEEKS at eval set),1,400,200,1.0,vich,276,89.99348449707031,0.02862569400761398,0.33303260803222656,0.15702898800373077,83.75033241931897,3068,results/unified_students/RAFDB_vae9182_gate_oracle_error_b070_T6_224_400e_swa200_seed1/2026-07-29-23-37-29
RAFDB_vae9182_gate_oracle_error_b070_T6_224_400e_swa200_seed1,2026-07-29-23-37-29,last,True,"final epoch, fixed rule",1,400,200,1.0,vich,400,89.0808334350586,0.04020416678319233,0.34244370460510254,0.1647418886423111,82.42229218066684,3068,results/unified_students/RAFDB_vae9182_gate_oracle_error_b070_T6_224_400e_swa200_seed1/2026-07-29-23-37-29
RAFDB_vae9182_gate_oracle_error_b070_T6_224_400e_swa200_seed1,2026-07-29-23-37-29,swa,True,"SWA average over [swa_start, epochs], fixed rule",1,400,200,1.0,vich,,89.96088409423828,0.03345871327695044,0.32879018783569336,0.15607266128063202,84.50024182346758,3068,results/unified_students/RAFDB_vae9182_gate_oracle_error_b070_T6_224_400e_swa200_seed1/2026-07-29-23-37-29
RAFDB_vae9182_gate_oracle_error_b070_T6_224_400e_swa200_seed43,2026-07-29-19-02-04,best,False,argmax val_acc over epochs (PEEKS at eval set),43,400,200,1.0,vich,363,90.15645599365234,0.03346420672019115,0.3352673053741455,0.15824225544929504,85.02776998186269,3068,results/unified_students/RAFDB_vae9182_gate_oracle_error_b070_T6_224_400e_swa200_seed43/2026-07-29-19-02-04
RAFDB_vae9182_gate_oracle_error_b070_T6_224_400e_swa200_seed43,2026-07-29-19-02-04,last,True,"final epoch, fixed rule",43,400,200,1.0,vich,400,89.56975555419922,0.02809348813655168,0.34901952743530273,0.16487252712249756,84.1059469958578,3068,results/unified_students/RAFDB_vae9182_gate_oracle_error_b070_T6_224_400e_swa200_seed43/2026-07-29-19-02-04
RAFDB_vae9182_gate_oracle_error_b070_T6_224_400e_swa200_seed43,2026-07-29-19-02-04,swa,True,"SWA average over [swa_start, epochs], fixed rule",43,400,200,1.0,vich,,90.18904876708984,0.03184710792721173,0.3318968415260315,0.15649622678756714,84.63174873645978,3068,results/unified_students/RAFDB_vae9182_gate_oracle_error_b070_T6_224_400e_swa200_seed43/2026-07-29-19-02-04
RAFDB_vae9182_logit_std_b070_T6_224_400e_swa200,2026-07-18-20-26-49,best,False,argmax val_acc over epochs (PEEKS at eval set),42,400,200,1.0,vich,370,89.76531982421875,0.18205197721797456,0.5233311653137207,0.21472546458244324,83.45498534719835,3068,results/unified_students/RAFDB_vae9182_logit_std_b070_T6_224_400e_swa200/2026-07-18-20-26-49
RAFDB_vae9182_logit_std_b070_T6_224_400e_swa200,2026-07-18-20-26-49,last,True,"final epoch, fixed rule",42,400,200,1.0,vich,400,89.43937683105469,0.20287543425465188,0.5485126972198486,0.22693108022212982,83.29557792969295,3068,results/unified_students/RAFDB_vae9182_logit_std_b070_T6_224_400e_swa200/2026-07-18-20-26-49
RAFDB_vae9182_logit_std_b070_T6_224_400e_swa200,2026-07-18-20-26-49,swa,True,"SWA average over [swa_start, epochs], fixed rule",42,400,200,1.0,vich,,89.60234832763672,0.17203646904098008,0.5064327120780945,0.2066250592470169,83.78916482840013,3068,results/unified_students/RAFDB_vae9182_logit_std_b070_T6_224_400e_swa200/2026-07-18-20-26-49
RAFDB_vae9182_logit_std_b070_T6_224_400e_swa200_seed1,2026-07-29-09-47-35,best,False,argmax val_acc over epochs (PEEKS at eval set),1,400,200,1.0,vich,357,89.96088409423828,0.17878733592343457,0.5140526294708252,0.2090897411108017,84.30224313571368,3068,results/unified_students/RAFDB_vae9182_logit_std_b070_T6_224_400e_swa200_seed1/2026-07-29-09-47-35
RAFDB_vae9182_logit_std_b070_T6_224_400e_swa200_seed1,2026-07-29-09-47-35,last,True,"final epoch, fixed rule",1,400,200,1.0,vich,400,89.56975555419922,0.1879481273415502,0.5339034199714661,0.21956756711006165,83.97776739307854,3068,results/unified_students/RAFDB_vae9182_logit_std_b070_T6_224_400e_swa200_seed1/2026-07-29-09-47-35
RAFDB_vae9182_logit_std_b070_T6_224_400e_swa200_seed1,2026-07-29-09-47-35,swa,True,"SWA average over [swa_start, epochs], fixed rule",1,400,200,1.0,vich,,90.5149917602539,0.17452699537577188,0.5013237595558167,0.20268218219280243,85.44154737798753,3068,results/unified_students/RAFDB_vae9182_logit_std_b070_T6_224_400e_swa200_seed1/2026-07-29-09-47-35
RAFDB_vae9182_logit_std_b070_T6_224_400e_swa200_seed43,2026-07-29-09-47-35,best,False,argmax val_acc over epochs (PEEKS at eval set),43,400,200,1.0,vich,305,89.53715515136719,0.19337636465510302,0.5388069152832031,0.22166430950164795,83.95057943203089,3068,results/unified_students/RAFDB_vae9182_logit_std_b070_T6_224_400e_swa200_seed43/2026-07-29-09-47-35
RAFDB_vae9182_logit_std_b070_T6_224_400e_swa200_seed43,2026-07-29-09-47-35,last,True,"final epoch, fixed rule",43,400,200,1.0,vich,400,88.72229766845703,0.17918722462661885,0.5415468215942383,0.22529016435146332,83.79506682384644,3068,results/unified_students/RAFDB_vae9182_logit_std_b070_T6_224_400e_swa200_seed43/2026-07-29-09-47-35
RAFDB_vae9182_logit_std_b070_T6_224_400e_swa200_seed43,2026-07-29-09-47-35,swa,True,"SWA average over [swa_start, epochs], fixed rule",43,400,200,1.0,vich,,89.37418365478516,0.16864130227320198,0.5107874870300293,0.21001538634300232,83.7843263937546,3068,results/unified_students/RAFDB_vae9182_logit_std_b070_T6_224_400e_swa200_seed43/2026-07-29-09-47-35
RAFDB_vae9182_miscalT0731_adaptivetoff_b070_T6_224_400e_swa200_seed1,2026-07-25-23-19-09,best,False,argmax val_acc over epochs (PEEKS at eval set),1,400,200,0.7311,vich,380,90.5149917602539,0.04416914560104753,0.3337949812412262,0.15490804612636566,85.05381366423423,3068,results/unified_students/RAFDB_vae9182_miscalT0731_adaptivetoff_b070_T6_224_400e_swa200_seed1/2026-07-25-23-19-09
RAFDB_vae9182_miscalT0731_adaptivetoff_b070_T6_224_400e_swa200_seed1,2026-07-25-23-19-09,last,True,"final epoch, fixed rule",1,400,200,0.7311,vich,400,89.63494110107422,0.05111672713711488,0.347478985786438,0.16165785491466522,83.35948249539453,3068,results/unified_students/RAFDB_vae9182_miscalT0731_adaptivetoff_b070_T6_224_400e_swa200_seed1/2026-07-25-23-19-09
RAFDB_vae9182_miscalT0731_adaptivetoff_b070_T6_224_400e_swa200_seed1,2026-07-25-23-19-09,swa,True,"SWA average over [swa_start, epochs], fixed rule",1,400,200,0.7311,vich,,90.22164154052734,0.05612498788937752,0.3474491238594055,0.15535561740398407,85.00016610411573,3068,results/unified_students/RAFDB_vae9182_miscalT0731_adaptivetoff_b070_T6_224_400e_swa200_seed1/2026-07-25-23-19-09
RAFDB_vae9182_miscalT0731_adaptivetoff_b070_T6_224_400e_swa200_seed42,2026-07-26-03-28-47,best,False,argmax val_acc over epochs (PEEKS at eval set),42,400,200,0.7311,vich,368,90.09126281738281,0.04675792598662196,0.3393036723136902,0.15812286734580994,84.27296652712629,3068,results/unified_students/RAFDB_vae9182_miscalT0731_adaptivetoff_b070_T6_224_400e_swa200_seed42/2026-07-26-03-28-47
RAFDB_vae9182_miscalT0731_adaptivetoff_b070_T6_224_400e_swa200_seed42,2026-07-26-03-28-47,last,True,"final epoch, fixed rule",42,400,200,0.7311,vich,400,89.1134262084961,0.05504163349778276,0.35281237959861755,0.16821426153182983,83.44724032498037,3068,results/unified_students/RAFDB_vae9182_miscalT0731_adaptivetoff_b070_T6_224_400e_swa200_seed42/2026-07-26-03-28-47
RAFDB_vae9182_miscalT0731_adaptivetoff_b070_T6_224_400e_swa200_seed42,2026-07-26-03-28-47,swa,True,"SWA average over [swa_start, epochs], fixed rule",42,400,200,0.7311,vich,,89.89569854736328,0.059757660214717574,0.3610371947288513,0.16393275558948517,84.46897127373354,3068,results/unified_students/RAFDB_vae9182_miscalT0731_adaptivetoff_b070_T6_224_400e_swa200_seed42/2026-07-26-03-28-47
RAFDB_vae9182_miscalT0731_adaptiveton_b070_T6_224_400e_swa200_seed1,2026-07-26-03-27-51,best,False,argmax val_acc over epochs (PEEKS at eval set),1,400,200,0.7311,vich,362,90.38461303710938,0.038854575423327084,0.3232000768184662,0.15070000290870667,84.88320971343589,3068,results/unified_students/RAFDB_vae9182_miscalT0731_adaptiveton_b070_T6_224_400e_swa200_seed1/2026-07-26-03-27-51
RAFDB_vae9182_miscalT0731_adaptiveton_b070_T6_224_400e_swa200_seed1,2026-07-26-03-27-51,last,True,"final epoch, fixed rule",1,400,200,0.7311,vich,400,89.24380493164062,0.055373514199816426,0.3616010248661041,0.1686011105775833,83.4229704282596,3068,results/unified_students/RAFDB_vae9182_miscalT0731_adaptiveton_b070_T6_224_400e_swa200_seed1/2026-07-26-03-27-51
RAFDB_vae9182_miscalT0731_adaptiveton_b070_T6_224_400e_swa200_seed1,2026-07-26-03-27-51,swa,True,"SWA average over [swa_start, epochs], fixed rule",1,400,200,0.7311,vich,,90.25423431396484,0.0555623263276074,0.35682162642478943,0.15894167125225067,84.61132692775564,3068,results/unified_students/RAFDB_vae9182_miscalT0731_adaptiveton_b070_T6_224_400e_swa200_seed1/2026-07-26-03-27-51
RAFDB_vae9182_miscalT0731_adaptiveton_b070_T6_224_400e_swa200_seed42,2026-07-26-07-40-31,best,False,argmax val_acc over epochs (PEEKS at eval set),42,400,200,0.7311,vich,369,90.4498062133789,0.04716568563565748,0.3422059714794159,0.1545037478208542,85.16253111254555,3068,results/unified_students/RAFDB_vae9182_miscalT0731_adaptiveton_b070_T6_224_400e_swa200_seed42/2026-07-26-07-40-31
RAFDB_vae9182_miscalT0731_adaptiveton_b070_T6_224_400e_swa200_seed42,2026-07-26-07-40-31,last,True,"final epoch, fixed rule",42,400,200,0.7311,vich,400,89.92829132080078,0.04796048346056932,0.34426406025886536,0.15984316170215607,84.49312805468013,3068,results/unified_students/RAFDB_vae9182_miscalT0731_adaptiveton_b070_T6_224_400e_swa200_seed42/2026-07-26-07-40-31
RAFDB_vae9182_miscalT0731_adaptiveton_b070_T6_224_400e_swa200_seed42,2026-07-26-07-40-31,swa,True,"SWA average over [swa_start, epochs], fixed rule",42,400,200,0.7311,vich,,90.05867004394531,0.05770419443796014,0.3622005879878998,0.16172939538955688,84.85779601208517,3068,results/unified_students/RAFDB_vae9182_miscalT0731_adaptiveton_b070_T6_224_400e_swa200_seed42/2026-07-26-07-40-31
RAFDB_vae9182_pluslinear_T6_224_400e_swa200_seed1,2026-07-24-13-00-59,best,False,argmax val_acc over epochs (PEEKS at eval set),1,400,200,1.0,linear,330,90.31942749023438,0.035986317853495535,0.3135601878166199,0.14930914342403412,84.54709204393579,3068,results/unified_students/RAFDB_vae9182_pluslinear_T6_224_400e_swa200_seed1/2026-07-24-13-00-59
RAFDB_vae9182_pluslinear_T6_224_400e_swa200_seed1,2026-07-24-13-00-59,last,True,"final epoch, fixed rule",1,400,200,1.0,linear,400,89.92829132080078,0.03356353434426844,0.3127705454826355,0.1486755758523941,84.52607785717107,3068,results/unified_students/RAFDB_vae9182_pluslinear_T6_224_400e_swa200_seed1/2026-07-24-13-00-59
RAFDB_vae9182_pluslinear_T6_224_400e_swa200_seed1,2026-07-24-13-00-59,swa,True,"SWA average over [swa_start, epochs], fixed rule",1,400,200,1.0,linear,,90.5475845336914,0.035552798477736104,0.31158554553985596,0.1490037888288498,85.05104315952369,3068,results/unified_students/RAFDB_vae9182_pluslinear_T6_224_400e_swa200_seed1/2026-07-24-13-00-59
RAFDB_vae9182_pluslinear_T6_224_400e_swa200_seed42,2026-07-24-10-48-02,best,False,argmax val_acc over epochs (PEEKS at eval set),42,400,200,1.0,linear,270,90.15645599365234,0.03373633192990563,0.3291924297809601,0.1542430967092514,85.04547619867648,3068,results/unified_students/RAFDB_vae9182_pluslinear_T6_224_400e_swa200_seed42/2026-07-24-10-48-02
RAFDB_vae9182_pluslinear_T6_224_400e_swa200_seed42,2026-07-24-10-48-02,last,True,"final epoch, fixed rule",42,400,200,1.0,linear,400,89.14602661132812,0.03230160228043523,0.3388236165046692,0.15912747383117676,83.98354502633849,3068,results/unified_students/RAFDB_vae9182_pluslinear_T6_224_400e_swa200_seed42/2026-07-24-10-48-02
RAFDB_vae9182_pluslinear_T6_224_400e_swa200_seed42,2026-07-24-10-48-02,swa,True,"SWA average over [swa_start, epochs], fixed rule",42,400,200,1.0,linear,,90.09126281738281,0.029082096554581778,0.32084566354751587,0.15216407179832458,85.43519377641532,3068,results/unified_students/RAFDB_vae9182_pluslinear_T6_224_400e_swa200_seed42/2026-07-24-10-48-02
RAFDB_vae9182_pluslinear_T6_224_400e_swa200_seed43,2026-07-24-15-14-46,best,False,argmax val_acc over epochs (PEEKS at eval set),43,400,200,1.0,linear,237,90.28683471679688,0.029969507209092104,0.31929442286491394,0.14929631352424622,85.00224911945051,3068,results/unified_students/RAFDB_vae9182_pluslinear_T6_224_400e_swa200_seed43/2026-07-24-15-14-46
RAFDB_vae9182_pluslinear_T6_224_400e_swa200_seed43,2026-07-24-15-14-46,last,True,"final epoch, fixed rule",43,400,200,1.0,linear,400,89.79791259765625,0.03618719906702812,0.32682982087135315,0.1544167697429657,83.89429366581865,3068,results/unified_students/RAFDB_vae9182_pluslinear_T6_224_400e_swa200_seed43/2026-07-24-15-14-46
RAFDB_vae9182_pluslinear_T6_224_400e_swa200_seed43,2026-07-24-15-14-46,swa,True,"SWA average over [swa_start, epochs], fixed rule",43,400,200,1.0,linear,,90.12386322021484,0.03816212539353458,0.32037797570228577,0.1529349982738495,85.1569952332359,3068,results/unified_students/RAFDB_vae9182_pluslinear_T6_224_400e_swa200_seed43/2026-07-24-15-14-46
RAFDB_vae9182_tempscale_T085_b070_T6_224_400e_swa200_seed1,2026-07-25-10-55-15,best,False,argmax val_acc over epochs (PEEKS at eval set),1,400,200,0.85,vich,368,90.18904876708984,0.03324851923594264,0.3271874189376831,0.15467865765094757,84.45857445231253,3068,results/unified_students/RAFDB_vae9182_tempscale_T085_b070_T6_224_400e_swa200_seed1/2026-07-25-10-55-15
RAFDB_vae9182_tempscale_T085_b070_T6_224_400e_swa200_seed1,2026-07-25-10-55-15,last,True,"final epoch, fixed rule",1,400,200,0.85,vich,400,89.34159088134766,0.041174295245435436,0.3440340459346771,0.16589446365833282,83.51335048329271,3068,results/unified_students/RAFDB_vae9182_tempscale_T085_b070_T6_224_400e_swa200_seed1/2026-07-25-10-55-15
RAFDB_vae9182_tempscale_T085_b070_T6_224_400e_swa200_seed1,2026-07-25-10-55-15,swa,True,"SWA average over [swa_start, epochs], fixed rule",1,400,200,0.85,vich,,89.96088409423828,0.04601551720573818,0.3418513536453247,0.16032850742340088,84.3328197536111,3068,results/unified_students/RAFDB_vae9182_tempscale_T085_b070_T6_224_400e_swa200_seed1/2026-07-25-10-55-15
RAFDB_vae9182_tempscale_T085_b070_T6_224_400e_swa200_seed42,2026-07-24-18-05-50,best,False,argmax val_acc over epochs (PEEKS at eval set),42,400,200,0.85,vich,300,90.15645599365234,0.035693895164027205,0.33200183510780334,0.15719406306743622,85.17406150375461,3068,results/unified_students/RAFDB_vae9182_tempscale_T085_b070_T6_224_400e_swa200_seed42/2026-07-24-18-05-50
RAFDB_vae9182_tempscale_T085_b070_T6_224_400e_swa200_seed42,2026-07-24-18-05-50,last,True,"final epoch, fixed rule",42,400,200,0.85,vich,400,89.60234832763672,0.03049853629635397,0.3320212662220001,0.15892770886421204,84.11303489874454,3068,results/unified_students/RAFDB_vae9182_tempscale_T085_b070_T6_224_400e_swa200_seed42/2026-07-24-18-05-50
RAFDB_vae9182_tempscale_T085_b070_T6_224_400e_swa200_seed42,2026-07-24-18-05-50,swa,True,"SWA average over [swa_start, epochs], fixed rule",42,400,200,0.85,vich,,89.96088409423828,0.0433990587680716,0.32811713218688965,0.15504977107048035,84.57650410894942,3068,results/unified_students/RAFDB_vae9182_tempscale_T085_b070_T6_224_400e_swa200_seed42/2026-07-24-18-05-50
RAFDB_vae9182_tempscale_T085_b070_T6_224_400e_swa200_seed43,2026-07-25-02-43-00,best,False,argmax val_acc over epochs (PEEKS at eval set),43,400,200,0.85,vich,328,90.18904876708984,0.03753849750353118,0.32980188727378845,0.15518413484096527,85.09229004347685,3068,results/unified_students/RAFDB_vae9182_tempscale_T085_b070_T6_224_400e_swa200_seed43/2026-07-25-02-43-00
RAFDB_vae9182_tempscale_T085_b070_T6_224_400e_swa200_seed43,2026-07-25-02-43-00,last,True,"final epoch, fixed rule",43,400,200,0.85,vich,400,89.63494110107422,0.03574247486801937,0.3352234661579132,0.16030700504779816,83.73235626730181,3068,results/unified_students/RAFDB_vae9182_tempscale_T085_b070_T6_224_400e_swa200_seed43/2026-07-25-02-43-00
RAFDB_vae9182_tempscale_T085_b070_T6_224_400e_swa200_seed43,2026-07-25-02-43-00,swa,True,"SWA average over [swa_start, epochs], fixed rule",43,400,200,0.85,vich,,89.86310577392578,0.04461154245529833,0.3266960382461548,0.15596826374530792,84.2572614001507,3068,results/unified_students/RAFDB_vae9182_tempscale_T085_b070_T6_224_400e_swa200_seed43/2026-07-25-02-43-00
RAFDB_vae9182_tempscale_T095_b070_T6_224_400e_swa200_seed1,2026-08-06-13-13-48,best,False,argmax val_acc over epochs (PEEKS at eval set),1,400,200,0.95,vich,354,90.31942749023438,0.03159377163438785,0.31622958183288574,0.14873149991035461,84.73916977072086,3068,results/unified_students/RAFDB_vae9182_tempscale_T095_b070_T6_224_400e_swa200_seed1/2026-08-06-13-13-48
RAFDB_vae9182_tempscale_T095_b070_T6_224_400e_swa200_seed1,2026-08-06-13-13-48,last,True,"final epoch, fixed rule",1,400,200,0.95,vich,400,89.53715515136719,0.03460648488811906,0.32388949394226074,0.15674832463264465,83.94561563794095,3068,results/unified_students/RAFDB_vae9182_tempscale_T095_b070_T6_224_400e_swa200_seed1/2026-08-06-13-13-48
RAFDB_vae9182_tempscale_T095_b070_T6_224_400e_swa200_seed1,2026-08-06-13-13-48,swa,True,"SWA average over [swa_start, epochs], fixed rule",1,400,200,0.95,vich,,90.15645599365234,0.030712053374019405,0.31689712405204773,0.1521657258272171,84.59792309719474,3068,results/unified_students/RAFDB_vae9182_tempscale_T095_b070_T6_224_400e_swa200_seed1/2026-08-06-13-13-48
RAFDB_vae9182_tempscale_T095_b070_T6_224_400e_swa200_seed42,2026-08-06-01-16-55,best,False,argmax val_acc over epochs (PEEKS at eval set),42,400,200,0.95,vich,369,90.31942749023438,0.028054405625477296,0.3189007043838501,0.1507466435432434,84.68708924231025,3068,results/unified_students/RAFDB_vae9182_tempscale_T095_b070_T6_224_400e_swa200_seed42/2026-08-06-01-16-55
RAFDB_vae9182_tempscale_T095_b070_T6_224_400e_swa200_seed42,2026-08-06-01-16-55,last,True,"final epoch, fixed rule",42,400,200,0.95,vich,400,89.66753387451172,0.02892757145957499,0.3285556733608246,0.15476928651332855,84.03779484783449,3068,results/unified_students/RAFDB_vae9182_tempscale_T095_b070_T6_224_400e_swa200_seed42/2026-08-06-01-16-55
RAFDB_vae9182_tempscale_T095_b070_T6_224_400e_swa200_seed42,2026-08-06-01-16-55,swa,True,"SWA average over [swa_start, epochs], fixed rule",42,400,200,0.95,vich,,90.15645599365234,0.026492633071219282,0.31961509585380554,0.152301624417305,84.86143407493543,3068,results/unified_students/RAFDB_vae9182_tempscale_T095_b070_T6_224_400e_swa200_seed42/2026-08-06-01-16-55
RAFDB_vae9182_tempscale_T095_b070_T6_224_400e_swa200_seed43,2026-08-06-17-45-25,best,False,argmax val_acc over epochs (PEEKS at eval set),43,400,200,0.95,vich,249,90.25423431396484,0.031570881998562283,0.3177580237388611,0.15109026432037354,84.47340237249537,3068,results/unified_students/RAFDB_vae9182_tempscale_T095_b070_T6_224_400e_swa200_seed43/2026-08-06-17-45-25
RAFDB_vae9182_tempscale_T095_b070_T6_224_400e_swa200_seed43,2026-08-06-17-45-25,last,True,"final epoch, fixed rule",43,400,200,0.95,vich,400,89.50456237792969,0.03470030358495893,0.33097079396247864,0.15971997380256653,83.85298760834964,3068,results/unified_students/RAFDB_vae9182_tempscale_T095_b070_T6_224_400e_swa200_seed43/2026-08-06-17-45-25
RAFDB_vae9182_tempscale_T095_b070_T6_224_400e_swa200_seed43,2026-08-06-17-45-25,swa,True,"SWA average over [swa_start, epochs], fixed rule",43,400,200,0.95,vich,,89.89569854736328,0.03162964533485055,0.31750816106796265,0.15296119451522827,84.24517185745755,3068,results/unified_students/RAFDB_vae9182_tempscale_T095_b070_T6_224_400e_swa200_seed43/2026-08-06-17-45-25
RAFDB_vae9182_tempscale_T110_b070_T6_224_400e_swa200_seed1,2026-08-06-15-28-49,best,False,argmax val_acc over epochs (PEEKS at eval set),1,400,200,1.1,vich,309,90.31942749023438,0.0442218669293135,0.33892568945884705,0.15341319143772125,84.96095419973179,3068,results/unified_students/RAFDB_vae9182_tempscale_T110_b070_T6_224_400e_swa200_seed1/2026-08-06-15-28-49
RAFDB_vae9182_tempscale_T110_b070_T6_224_400e_swa200_seed1,2026-08-06-15-28-49,last,True,"final epoch, fixed rule",1,400,200,1.1,vich,400,89.66753387451172,0.038996154182582045,0.3390483558177948,0.1576121598482132,84.06361132677846,3068,results/unified_students/RAFDB_vae9182_tempscale_T110_b070_T6_224_400e_swa200_seed1/2026-08-06-15-28-49
RAFDB_vae9182_tempscale_T110_b070_T6_224_400e_swa200_seed1,2026-08-06-15-28-49,swa,True,"SWA average over [swa_start, epochs], fixed rule",1,400,200,1.1,vich,,90.22164154052734,0.03119374535773848,0.32061484456062317,0.14905861020088196,84.38221168030418,3068,results/unified_students/RAFDB_vae9182_tempscale_T110_b070_T6_224_400e_swa200_seed1/2026-08-06-15-28-49
RAFDB_vae9182_tempscale_T110_b070_T6_224_400e_swa200_seed42,2026-08-06-10-55-02,best,False,argmax val_acc over epochs (PEEKS at eval set),42,400,200,1.1,vich,391,90.18904876708984,0.03780637148189731,0.32936570048332214,0.15216808021068573,84.37034013923035,3068,results/unified_students/RAFDB_vae9182_tempscale_T110_b070_T6_224_400e_swa200_seed42/2026-08-06-10-55-02
RAFDB_vae9182_tempscale_T110_b070_T6_224_400e_swa200_seed42,2026-08-06-10-55-02,last,True,"final epoch, fixed rule",42,400,200,1.1,vich,400,89.73272705078125,0.03703911813289277,0.33729782700538635,0.1536075472831726,83.67709549139006,3068,results/unified_students/RAFDB_vae9182_tempscale_T110_b070_T6_224_400e_swa200_seed42/2026-08-06-10-55-02
RAFDB_vae9182_tempscale_T110_b070_T6_224_400e_swa200_seed42,2026-08-06-10-55-02,swa,True,"SWA average over [swa_start, epochs], fixed rule",42,400,200,1.1,vich,,89.92829132080078,0.037159830885496105,0.31916677951812744,0.14903661608695984,84.25716001339238,3068,results/unified_students/RAFDB_vae9182_tempscale_T110_b070_T6_224_400e_swa200_seed42/2026-08-06-10-55-02
RAFDB_vae9182_tempscale_T110_b070_T6_224_400e_swa200_seed43,2026-08-06-20-05-29,best,False,argmax val_acc over epochs (PEEKS at eval set),43,400,200,1.1,vich,361,90.15645599365234,0.035567545697500993,0.32976198196411133,0.15341077744960785,84.79823327173987,3068,results/unified_students/RAFDB_vae9182_tempscale_T110_b070_T6_224_400e_swa200_seed43/2026-08-06-20-05-29
RAFDB_vae9182_tempscale_T110_b070_T6_224_400e_swa200_seed43,2026-08-06-20-05-29,last,True,"final epoch, fixed rule",43,400,200,1.1,vich,400,89.70013427734375,0.036116349223073496,0.3374486267566681,0.15664075314998627,84.88892923283478,3068,results/unified_students/RAFDB_vae9182_tempscale_T110_b070_T6_224_400e_swa200_seed43/2026-08-06-20-05-29
RAFDB_vae9182_tempscale_T110_b070_T6_224_400e_swa200_seed43,2026-08-06-20-05-29,swa,True,"SWA average over [swa_start, epochs], fixed rule",43,400,200,1.1,vich,,89.79791259765625,0.03638224333835549,0.3314061462879181,0.15645483136177063,84.53485407292466,3068,results/unified_students/RAFDB_vae9182_tempscale_T110_b070_T6_224_400e_swa200_seed43/2026-08-06-20-05-29
RAFDB_vae9182_tempscale_T134_b070_T6_224_400e_swa200_seed1,2026-07-25-15-03-07,best,False,argmax val_acc over epochs (PEEKS at eval set),1,400,200,1.3406,vich,328,90.02607727050781,0.09373683651916517,0.3878149092197418,0.16227851808071136,84.30149263906073,3068,results/unified_students/RAFDB_vae9182_tempscale_T134_b070_T6_224_400e_swa200_seed1/2026-07-25-15-03-07
RAFDB_vae9182_tempscale_T134_b070_T6_224_400e_swa200_seed1,2026-07-25-15-03-07,last,True,"final epoch, fixed rule",1,400,200,1.3406,vich,400,89.0156478881836,0.07596984370629821,0.37887099385261536,0.1630295217037201,83.01312713711276,3068,results/unified_students/RAFDB_vae9182_tempscale_T134_b070_T6_224_400e_swa200_seed1/2026-07-25-15-03-07
RAFDB_vae9182_tempscale_T134_b070_T6_224_400e_swa200_seed1,2026-07-25-15-03-07,swa,True,"SWA average over [swa_start, epochs], fixed rule",1,400,200,1.3406,vich,,89.79791259765625,0.06276643690027811,0.35541483759880066,0.15404097735881805,84.38394253626817,3068,results/unified_students/RAFDB_vae9182_tempscale_T134_b070_T6_224_400e_swa200_seed1/2026-07-25-15-03-07
RAFDB_vae9182_tempscale_T134_b070_T6_224_400e_swa200_seed42,2026-07-24-22-22-33,best,False,argmax val_acc over epochs (PEEKS at eval set),42,400,200,1.3406,vich,370,90.22164154052734,0.0648399147130986,0.3580361306667328,0.15381678938865662,85.34702906614561,3068,results/unified_students/RAFDB_vae9182_tempscale_T134_b070_T6_224_400e_swa200_seed42/2026-07-24-22-22-33
RAFDB_vae9182_tempscale_T134_b070_T6_224_400e_swa200_seed42,2026-07-24-22-22-33,last,True,"final epoch, fixed rule",42,400,200,1.3406,vich,400,89.47196960449219,0.08591478352946129,0.3921865224838257,0.16591095924377441,84.54343080985079,3068,results/unified_students/RAFDB_vae9182_tempscale_T134_b070_T6_224_400e_swa200_seed42/2026-07-24-22-22-33
RAFDB_vae9182_tempscale_T134_b070_T6_224_400e_swa200_seed42,2026-07-24-22-22-33,swa,True,"SWA average over [swa_start, epochs], fixed rule",42,400,200,1.3406,vich,,90.09126281738281,0.0681535900513383,0.35078099370002747,0.15219588577747345,84.98931847391738,3068,results/unified_students/RAFDB_vae9182_tempscale_T134_b070_T6_224_400e_swa200_seed42/2026-07-24-22-22-33
RAFDB_vae9182_tempscale_T134_b070_T6_224_400e_swa200_seed43,2026-07-25-06-49-04,best,False,argmax val_acc over epochs (PEEKS at eval set),43,400,200,1.3406,vich,328,90.38461303710938,0.07064839357308646,0.36634641885757446,0.15578629076480865,85.07789367812987,3068,results/unified_students/RAFDB_vae9182_tempscale_T134_b070_T6_224_400e_swa200_seed43/2026-07-25-06-49-04
RAFDB_vae9182_tempscale_T134_b070_T6_224_400e_swa200_seed43,2026-07-25-06-49-04,last,True,"final epoch, fixed rule",43,400,200,1.3406,vich,400,89.83050537109375,0.07657309861992141,0.3769523799419403,0.16011445224285126,84.72609822129736,3068,results/unified_students/RAFDB_vae9182_tempscale_T134_b070_T6_224_400e_swa200_seed43/2026-07-25-06-49-04
RAFDB_vae9182_tempscale_T134_b070_T6_224_400e_swa200_seed43,2026-07-25-06-49-04,swa,True,"SWA average over [swa_start, epochs], fixed rule",43,400,200,1.3406,vich,,90.38461303710938,0.06317326072919167,0.3498018980026245,0.15097935497760773,85.24972031121217,3068,results/unified_students/RAFDB_vae9182_tempscale_T134_b070_T6_224_400e_swa200_seed43/2026-07-25-06-49-04
RAFDB_vae9182_tempscale_T170_b070_T6_224_400e_swa200_seed1,2026-07-24-18-05-50,best,False,argmax val_acc over epochs (PEEKS at eval set),1,400,200,1.7,vich,125,89.99348449707031,0.1391359509650079,0.4482501149177551,0.17968416213989258,84.36966932575862,3068,results/unified_students/RAFDB_vae9182_tempscale_T170_b070_T6_224_400e_swa200_seed1/2026-07-24-18-05-50
RAFDB_vae9182_tempscale_T170_b070_T6_224_400e_swa200_seed1,2026-07-24-18-05-50,last,True,"final epoch, fixed rule",1,400,200,1.7,vich,400,89.14602661132812,0.1340783895752265,0.45364245772361755,0.18516653776168823,83.60265972675492,3068,results/unified_students/RAFDB_vae9182_tempscale_T170_b070_T6_224_400e_swa200_seed1/2026-07-24-18-05-50
RAFDB_vae9182_tempscale_T170_b070_T6_224_400e_swa200_seed1,2026-07-24-18-05-50,swa,True,"SWA average over [swa_start, epochs], fixed rule",1,400,200,1.7,vich,,89.60234832763672,0.1270073130095409,0.42915859818458557,0.1724848747253418,83.93453600422491,3068,results/unified_students/RAFDB_vae9182_tempscale_T170_b070_T6_224_400e_swa200_seed1/2026-07-24-18-05-50
RAFDB_vae9182_tempscale_T170_b070_T6_224_400e_swa200_seed42,2026-07-25-02-43-02,best,False,argmax val_acc over epochs (PEEKS at eval set),42,400,200,1.7,vich,359,89.79791259765625,0.13111727263151898,0.44373422861099243,0.17980143427848816,84.35203599420325,3068,results/unified_students/RAFDB_vae9182_tempscale_T170_b070_T6_224_400e_swa200_seed42/2026-07-25-02-43-02
RAFDB_vae9182_tempscale_T170_b070_T6_224_400e_swa200_seed42,2026-07-25-02-43-02,last,True,"final epoch, fixed rule",42,400,200,1.7,vich,400,89.17861938476562,0.15887505609682984,0.4805501103401184,0.19290626049041748,83.24812816153066,3068,results/unified_students/RAFDB_vae9182_tempscale_T170_b070_T6_224_400e_swa200_seed42/2026-07-25-02-43-02
RAFDB_vae9182_tempscale_T170_b070_T6_224_400e_swa200_seed42,2026-07-25-02-43-02,swa,True,"SWA average over [swa_start, epochs], fixed rule",42,400,200,1.7,vich,,90.09126281738281,0.1260032248155079,0.43045279383659363,0.17281535267829895,84.37985829528587,3068,results/unified_students/RAFDB_vae9182_tempscale_T170_b070_T6_224_400e_swa200_seed42/2026-07-25-02-43-02
RAFDB_vae9182_tempscale_T170_b070_T6_224_400e_swa200_seed43,2026-07-25-10-55-06,best,False,argmax val_acc over epochs (PEEKS at eval set),43,400,200,1.7,vich,129,89.53715515136719,0.1576408702282738,0.46667030453681946,0.18742062151432037,83.69234538147995,3068,results/unified_students/RAFDB_vae9182_tempscale_T170_b070_T6_224_400e_swa200_seed43/2026-07-25-10-55-06
RAFDB_vae9182_tempscale_T170_b070_T6_224_400e_swa200_seed43,2026-07-25-10-55-06,last,True,"final epoch, fixed rule",43,400,200,1.7,vich,400,88.91786193847656,0.14386010386117745,0.4778890311717987,0.19317097961902618,83.16403635244593,3068,results/unified_students/RAFDB_vae9182_tempscale_T170_b070_T6_224_400e_swa200_seed43/2026-07-25-10-55-06
RAFDB_vae9182_tempscale_T170_b070_T6_224_400e_swa200_seed43,2026-07-25-10-55-06,swa,True,"SWA average over [swa_start, epochs], fixed rule",43,400,200,1.7,vich,,89.0482406616211,0.1316466475005178,0.43570637702941895,0.1760263442993164,82.88278298795515,3068,results/unified_students/RAFDB_vae9182_tempscale_T170_b070_T6_224_400e_swa200_seed43/2026-07-25-10-55-06
RAFDB_vae9182_tempscale_T220_b070_T6_224_400e_swa200_seed1,2026-07-24-22-22-33,best,False,argmax val_acc over epochs (PEEKS at eval set),1,400,200,2.2,vich,265,90.18904876708984,0.22847860345842785,0.5429450869560242,0.2154315561056137,84.47911220653312,3068,results/unified_students/RAFDB_vae9182_tempscale_T220_b070_T6_224_400e_swa200_seed1/2026-07-24-22-22-33
RAFDB_vae9182_tempscale_T220_b070_T6_224_400e_swa200_seed1,2026-07-24-22-22-33,last,True,"final epoch, fixed rule",1,400,200,2.2,vich,400,88.88526916503906,0.21882270109466964,0.5560899376869202,0.22460879385471344,82.91312423211086,3068,results/unified_students/RAFDB_vae9182_tempscale_T220_b070_T6_224_400e_swa200_seed1/2026-07-24-22-22-33
RAFDB_vae9182_tempscale_T220_b070_T6_224_400e_swa200_seed1,2026-07-24-22-22-33,swa,True,"SWA average over [swa_start, epochs], fixed rule",1,400,200,2.2,vich,,89.66753387451172,0.20900966319336886,0.5269883871078491,0.20847608149051666,83.76390338697287,3068,results/unified_students/RAFDB_vae9182_tempscale_T220_b070_T6_224_400e_swa200_seed1/2026-07-24-22-22-33
RAFDB_vae9182_tempscale_T220_b070_T6_224_400e_swa200_seed42,2026-07-25-06-49-11,best,False,argmax val_acc over epochs (PEEKS at eval set),42,400,200,2.2,vich,304,90.09126281738281,0.2219865259166802,0.5385850667953491,0.21299822628498077,83.76255325844816,3068,results/unified_students/RAFDB_vae9182_tempscale_T220_b070_T6_224_400e_swa200_seed42/2026-07-25-06-49-11
RAFDB_vae9182_tempscale_T220_b070_T6_224_400e_swa200_seed42,2026-07-25-06-49-11,last,True,"final epoch, fixed rule",42,400,200,2.2,vich,400,89.30899810791016,0.23681163602305827,0.5725661516189575,0.22969849407672882,83.21097539593237,3068,results/unified_students/RAFDB_vae9182_tempscale_T220_b070_T6_224_400e_swa200_seed42/2026-07-25-06-49-11
RAFDB_vae9182_tempscale_T220_b070_T6_224_400e_swa200_seed42,2026-07-25-06-49-11,swa,True,"SWA average over [swa_start, epochs], fixed rule",42,400,200,2.2,vich,,90.28683471679688,0.21481987491075188,0.5245665907859802,0.20640206336975098,85.04900504849995,3068,results/unified_students/RAFDB_vae9182_tempscale_T220_b070_T6_224_400e_swa200_seed42/2026-07-25-06-49-11
RAFDB_vae9182_tempscale_T220_b070_T6_224_400e_swa200_seed43,2026-07-25-15-03-00,best,False,argmax val_acc over epochs (PEEKS at eval set),43,400,200,2.2,vich,129,90.02607727050781,0.2348404736239876,0.5603094696998596,0.22365756332874298,84.78785038111884,3068,results/unified_students/RAFDB_vae9182_tempscale_T220_b070_T6_224_400e_swa200_seed43/2026-07-25-15-03-00
RAFDB_vae9182_tempscale_T220_b070_T6_224_400e_swa200_seed43,2026-07-25-15-03-00,last,True,"final epoch, fixed rule",43,400,200,2.2,vich,400,88.91786193847656,0.22900222010201393,0.5712073445320129,0.2305513322353363,83.37763186178498,3068,results/unified_students/RAFDB_vae9182_tempscale_T220_b070_T6_224_400e_swa200_seed43/2026-07-25-15-03-00
RAFDB_vae9182_tempscale_T220_b070_T6_224_400e_swa200_seed43,2026-07-25-15-03-00,swa,True,"SWA average over [swa_start, epochs], fixed rule",43,400,200,2.2,vich,,89.79791259765625,0.20898636827801476,0.5286256670951843,0.20919980108737946,84.50996206259745,3068,results/unified_students/RAFDB_vae9182_tempscale_T220_b070_T6_224_400e_swa200_seed43/2026-07-25-15-03-00
RAFDB_vichteacher_primary_9201_betaKD_b070_T6_224_200e_noSWA,2026-07-18-04-13-43,best,False,argmax val_acc over epochs (PEEKS at eval set),42,200,,1.0,vich,63,88.82007598876953,0.07088083693225816,0.4506072700023651,0.19247032701969147,83.86766078393418,3068,results/unified_students/RAFDB_vichteacher_primary_9201_betaKD_b070_T6_224_200e_noSWA/2026-07-18-04-13-43
RAFDB_vichteacher_primary_9201_betaKD_b070_T6_224_200e_noSWA,2026-07-18-04-13-43,last,True,"final epoch, fixed rule",42,200,,1.0,vich,200,86.70143127441406,0.09025848549068208,0.5241551995277405,0.22309638559818268,80.11982995745657,3068,results/unified_students/RAFDB_vichteacher_primary_9201_betaKD_b070_T6_224_200e_noSWA/2026-07-18-04-13-43
RAFDB_vichteacher_primary_9201_betaKD_b070_T6_224_best_400e_swa200,2026-07-18-06-19-36,best,False,argmax val_acc over epochs (PEEKS at eval set),42,400,200,1.0,vich,243,89.60234832763672,0.06485282307226002,0.4262334704399109,0.1794799417257309,83.90025037426685,3068,results/unified_students/RAFDB_vichteacher_primary_9201_betaKD_b070_T6_224_best_400e_swa200/2026-07-18-06-19-36
RAFDB_vichteacher_primary_9201_betaKD_b070_T6_224_best_400e_swa200,2026-07-18-06-19-36,last,True,"final epoch, fixed rule",42,400,200,1.0,vich,400,88.68970489501953,0.06657718690270084,0.419552206993103,0.1852017492055893,83.20689773594397,3068,results/unified_students/RAFDB_vichteacher_primary_9201_betaKD_b070_T6_224_best_400e_swa200/2026-07-18-06-19-36
RAFDB_vichteacher_primary_9201_betaKD_b070_T6_224_best_400e_swa200,2026-07-18-06-19-36,swa,True,"SWA average over [swa_start, epochs], fixed rule",42,400,200,1.0,vich,,89.73272705078125,0.07056874350548722,0.4233872592449188,0.17675840854644775,84.31129686625093,3068,results/unified_students/RAFDB_vichteacher_primary_9201_betaKD_b070_T6_224_best_400e_swa200/2026-07-18-06-19-36
RAFDB_vichteacher_stage1_9224_betaKD_b070_T6_224_200e_noSWA,2026-07-18-00-35-41,best,False,argmax val_acc over epochs (PEEKS at eval set),42,200,,1.0,vich,150,89.89569854736328,0.05689855290982372,0.38112807273864746,0.17010712623596191,84.08051838512837,3068,results/unified_students/RAFDB_vichteacher_stage1_9224_betaKD_b070_T6_224_200e_noSWA/2026-07-18-00-35-41
RAFDB_vichteacher_stage1_9224_betaKD_b070_T6_224_200e_noSWA,2026-07-18-00-35-41,last,True,"final epoch, fixed rule",42,200,,1.0,vich,200,88.10299682617188,0.08386215039151278,0.487277626991272,0.20346105098724365,80.89114516119557,3068,results/unified_students/RAFDB_vichteacher_stage1_9224_betaKD_b070_T6_224_200e_noSWA/2026-07-18-00-35-41
RAFDB_vichteacher_stage1_9224_betaKD_b070_T6_224_best_400e_swa200,2026-07-18-01-45-58,best,False,argmax val_acc over epochs (PEEKS at eval set),42,400,200,1.0,vich,145,89.66753387451172,0.05810926297031139,0.39649835228919983,0.17298594117164612,83.51017101116271,3068,results/unified_students/RAFDB_vichteacher_stage1_9224_betaKD_b070_T6_224_best_400e_swa200/2026-07-18-01-45-58
RAFDB_vichteacher_stage1_9224_betaKD_b070_T6_224_best_400e_swa200,2026-07-18-01-45-58,last,True,"final epoch, fixed rule",42,400,200,1.0,vich,400,89.0156478881836,0.060666230493838354,0.3961421251296997,0.17921338975429535,82.62434373697258,3068,results/unified_students/RAFDB_vichteacher_stage1_9224_betaKD_b070_T6_224_best_400e_swa200/2026-07-18-01-45-58
RAFDB_vichteacher_stage1_9224_betaKD_b070_T6_224_best_400e_swa200,2026-07-18-01-45-58,swa,True,"SWA average over [swa_start, epochs], fixed rule",42,400,200,1.0,vich,,89.37418365478516,0.0728435692470885,0.4234139025211334,0.1784048229455948,83.3562579670175,3068,results/unified_students/RAFDB_vichteacher_stage1_9224_betaKD_b070_T6_224_best_400e_swa200/2026-07-18-01-45-58
